Categoria,Immagine,R2 URL,Note
"accessori","ASPIRACENERE A&D CERVINO.jpg","https://pub-e5b1a861541243efa43922161ac876d7.r2.dev/products/accessori/aspiracenere-a-d-cervino.jpg","da associare manualmente"
"accessori","bidone-aspiracenere-800w-18lt-tubo-in-acciaio-stufa-pellet-camino-casa-ad5123-P-276869-865864_1.jpg","https://pub-e5b1a861541243efa43922161ac876d7.r2.dev/products/accessori/bidone-aspiracenere-800w-18lt-tubo-in-acciaio-stufa-pellet-camino-casa-ad5123-p-276869-865864-1.jpg","da associare manualmente"
"accessori","bidone-aspiracenere-800w-18lt-tubo-in-acciaio-stufa-pellet-camino-casa-ad5123-P-276869-865864_2.jpg","https://pub-e5b1a861541243efa43922161ac876d7.r2.dev/products/accessori/bidone-aspiracenere-800w-18lt-tubo-in-acciaio-stufa-pellet-camino-casa-ad5123-p-276869-865864-2.jpg","da associare manualmente"
"accessori","bidone-aspiracenere-800w-18lt-tubo-in-acciaio-stufa-pellet-camino-casa-ad5123-P-276869-865864_3.jpg","https://pub-e5b1a861541243efa43922161ac876d7.r2.dev/products/accessori/bidone-aspiracenere-800w-18lt-tubo-in-acciaio-stufa-pellet-camino-casa-ad5123-p-276869-865864-3.jpg","da associare manualmente"
"accessori","Flangia aspirazione Cerino-Prezzemolo 2.jpg","https://pub-e5b1a861541243efa43922161ac876d7.r2.dev/products/accessori/flangia-aspirazione-cerino-prezzemolo-2.jpg","da associare manualmente"
"accessori","Flangia aspirazione Cerino-Prezzemolo.jpg","https://pub-e5b1a861541243efa43922161ac876d7.r2.dev/products/accessori/flangia-aspirazione-cerino-prezzemolo.jpg","da associare manualmente"
"accessori","GOPR0034 (2).JPG","https://pub-e5b1a861541243efa43922161ac876d7.r2.dev/products/accessori/gopr0034-2.jpg","foto generica"
"accessori","GOPR0035 (2).JPG","https://pub-e5b1a861541243efa43922161ac876d7.r2.dev/products/accessori/gopr0035-2.jpg","foto generica"
"accessori","GOPR0042 (2).JPG","https://pub-e5b1a861541243efa43922161ac876d7.r2.dev/products/accessori/gopr0042-2.jpg","foto generica"
"accessori","GOPR0045.jpg","https://pub-e5b1a861541243efa43922161ac876d7.r2.dev/products/accessori/gopr0045.jpg","foto generica"
"accessori","GOPR0059.jpg","https://pub-e5b1a861541243efa43922161ac876d7.r2.dev/products/accessori/gopr0059.jpg","foto generica"
"accessori","GOPR0078.jpg","https://pub-e5b1a861541243efa43922161ac876d7.r2.dev/products/accessori/gopr0078.jpg","foto generica"
"accessori","GOPR0173_1571391072955_high.JPG","https://pub-e5b1a861541243efa43922161ac876d7.r2.dev/products/accessori/gopr0173-1571391072955-high.jpg","foto generica"
"accessori","GOPR0174_1571391072955_high.JPG","https://pub-e5b1a861541243efa43922161ac876d7.r2.dev/products/accessori/gopr0174-1571391072955-high.jpg","foto generica"
"accessori","GOPR0175_1571391072955_high.JPG","https://pub-e5b1a861541243efa43922161ac876d7.r2.dev/products/accessori/gopr0175-1571391072955-high.jpg","foto generica"
"accessori","WhatsApp Image 2018-01-10 at 09.36.44.jpeg","https://pub-e5b1a861541243efa43922161ac876d7.r2.dev/products/accessori/whatsapp-image-2018-01-10-at-09-36-44.jpeg","foto generica"
"accessori","WhatsApp Image 2019-05-29 at 09.25.55 (2).jpeg","https://pub-e5b1a861541243efa43922161ac876d7.r2.dev/products/accessori/whatsapp-image-2019-05-29-at-09-25-55-2.jpeg","foto generica"
"accessori","WhatsApp Image 2019-05-29 at 11.03.48 (2).jpeg","https://pub-e5b1a861541243efa43922161ac876d7.r2.dev/products/accessori/whatsapp-image-2019-05-29-at-11-03-48-2.jpeg","foto generica"
"accessori","Wi fi modul.jpg","https://pub-e5b1a861541243efa43922161ac876d7.r2.dev/products/accessori/wi-fi-modul.jpg","da associare manualmente"
"bracieri-camere-combustione","1.jpeg","https://pub-e5b1a861541243efa43922161ac876d7.r2.dev/products/bracieri-camere-combustione/1.jpeg","solo numero"
"bracieri-camere-combustione","2.jpeg","https://pub-e5b1a861541243efa43922161ac876d7.r2.dev/products/bracieri-camere-combustione/2.jpeg","solo numero"
"bracieri-camere-combustione","20200727_095229.jpg","https://pub-e5b1a861541243efa43922161ac876d7.r2.dev/products/bracieri-camere-combustione/20200727-095229.jpg","da associare manualmente"
"bracieri-camere-combustione","20231122_105152.jpg","https://pub-e5b1a861541243efa43922161ac876d7.r2.dev/products/bracieri-camere-combustione/20231122-105152.jpg","da associare manualmente"
"bracieri-camere-combustione","20231122_105203.jpg","https://pub-e5b1a861541243efa43922161ac876d7.r2.dev/products/bracieri-camere-combustione/20231122-105203.jpg","da associare manualmente"
"bracieri-camere-combustione","20260303_104311.jpg","https://pub-e5b1a861541243efa43922161ac876d7.r2.dev/products/bracieri-camere-combustione/20260303-104311.jpg","da associare manualmente"
"bracieri-camere-combustione","20260303_104316.jpg","https://pub-e5b1a861541243efa43922161ac876d7.r2.dev/products/bracieri-camere-combustione/20260303-104316.jpg","da associare manualmente"
"bracieri-camere-combustione","20260303_104320.jpg","https://pub-e5b1a861541243efa43922161ac876d7.r2.dev/products/bracieri-camere-combustione/20260303-104320.jpg","da associare manualmente"
"bracieri-camere-combustione","20260303_104326.jpg","https://pub-e5b1a861541243efa43922161ac876d7.r2.dev/products/bracieri-camere-combustione/20260303-104326.jpg","da associare manualmente"
"bracieri-camere-combustione","257.jpg","https://pub-e5b1a861541243efa43922161ac876d7.r2.dev/products/bracieri-camere-combustione/257.jpg","solo numero"
"bracieri-camere-combustione","3.jpeg","https://pub-e5b1a861541243efa43922161ac876d7.r2.dev/products/bracieri-camere-combustione/3.jpeg","solo numero"
"bracieri-camere-combustione","35befe37-bf5d-4303-aef7-97fec7f2fd64.jpg","https://pub-e5b1a861541243efa43922161ac876d7.r2.dev/products/bracieri-camere-combustione/35befe37-bf5d-4303-aef7-97fec7f2fd64.jpg","foto generica"
"bracieri-camere-combustione","362 (2).jpg","https://pub-e5b1a861541243efa43922161ac876d7.r2.dev/products/bracieri-camere-combustione/362-2.jpg","da associare manualmente"
"bracieri-camere-combustione","362.jpg","https://pub-e5b1a861541243efa43922161ac876d7.r2.dev/products/bracieri-camere-combustione/362.jpg","solo numero"
"bracieri-camere-combustione","364 (2).jpg","https://pub-e5b1a861541243efa43922161ac876d7.r2.dev/products/bracieri-camere-combustione/364-2.jpg","da associare manualmente"
"bracieri-camere-combustione","364.jpg","https://pub-e5b1a861541243efa43922161ac876d7.r2.dev/products/bracieri-camere-combustione/364.jpg","solo numero"
"bracieri-camere-combustione","365.jpg","https://pub-e5b1a861541243efa43922161ac876d7.r2.dev/products/bracieri-camere-combustione/365.jpg","solo numero"
"bracieri-camere-combustione","434.jpg","https://pub-e5b1a861541243efa43922161ac876d7.r2.dev/products/bracieri-camere-combustione/434.jpg","solo numero"
"bracieri-camere-combustione","44.jpeg","https://pub-e5b1a861541243efa43922161ac876d7.r2.dev/products/bracieri-camere-combustione/44.jpeg","solo numero"
"bracieri-camere-combustione","50f42281-c126-42c0-a758-8a01e019a872.jpg","https://pub-e5b1a861541243efa43922161ac876d7.r2.dev/products/bracieri-camere-combustione/50f42281-c126-42c0-a758-8a01e019a872.jpg","foto generica"
"bracieri-camere-combustione","62.jpeg","https://pub-e5b1a861541243efa43922161ac876d7.r2.dev/products/bracieri-camere-combustione/62.jpeg","solo numero"
"bracieri-camere-combustione","64163bb5-8ea5-428e-83b8-e8d4a6585d2b.jpg","https://pub-e5b1a861541243efa43922161ac876d7.r2.dev/products/bracieri-camere-combustione/64163bb5-8ea5-428e-83b8-e8d4a6585d2b.jpg","foto generica"
"bracieri-camere-combustione","715665a9-354d-4960-901e-cb01f1e8362e.jpg","https://pub-e5b1a861541243efa43922161ac876d7.r2.dev/products/bracieri-camere-combustione/715665a9-354d-4960-901e-cb01f1e8362e.jpg","foto generica"
"bracieri-camere-combustione","77.jpg","https://pub-e5b1a861541243efa43922161ac876d7.r2.dev/products/bracieri-camere-combustione/77.jpg","solo numero"
"bracieri-camere-combustione","7b3ffc43-36c0-4442-ba4e-2eff2d9a3540.jpg","https://pub-e5b1a861541243efa43922161ac876d7.r2.dev/products/bracieri-camere-combustione/7b3ffc43-36c0-4442-ba4e-2eff2d9a3540.jpg","foto generica"
"bracieri-camere-combustione","8dbdf62f-36b9-4191-8beb-5a9a13c5b975.jpg","https://pub-e5b1a861541243efa43922161ac876d7.r2.dev/products/bracieri-camere-combustione/8dbdf62f-36b9-4191-8beb-5a9a13c5b975.jpg","foto generica"
"bracieri-camere-combustione","9013159800-1.jpeg","https://pub-e5b1a861541243efa43922161ac876d7.r2.dev/products/bracieri-camere-combustione/9013159800-1.jpeg","da associare manualmente"
"bracieri-camere-combustione","9013159800.jpeg","https://pub-e5b1a861541243efa43922161ac876d7.r2.dev/products/bracieri-camere-combustione/9013159800.jpeg","solo numero"
"bracieri-camere-combustione","91f0045c-948a-431d-91f2-607f58e26498.jpg","https://pub-e5b1a861541243efa43922161ac876d7.r2.dev/products/bracieri-camere-combustione/91f0045c-948a-431d-91f2-607f58e26498.jpg","foto generica"
"bracieri-camere-combustione","a3a22d8b-5f81-4a00-a1d2-06e63dda0ac8 (2).jpg","https://pub-e5b1a861541243efa43922161ac876d7.r2.dev/products/bracieri-camere-combustione/a3a22d8b-5f81-4a00-a1d2-06e63dda0ac8-2.jpg","foto generica"
"bracieri-camere-combustione","a3a22d8b-5f81-4a00-a1d2-06e63dda0ac8.jpg","https://pub-e5b1a861541243efa43922161ac876d7.r2.dev/products/bracieri-camere-combustione/a3a22d8b-5f81-4a00-a1d2-06e63dda0ac8.jpg","foto generica"
"bracieri-camere-combustione","BRACIERE 11-13KW INOX 2.jpg","https://pub-e5b1a861541243efa43922161ac876d7.r2.dev/products/bracieri-camere-combustione/braciere-11-13kw-inox-2.jpg","da associare manualmente"
"bracieri-camere-combustione","BRACIERE 11-13KW INOX 3.jpg","https://pub-e5b1a861541243efa43922161ac876d7.r2.dev/products/bracieri-camere-combustione/braciere-11-13kw-inox-3.jpg","da associare manualmente"
"bracieri-camere-combustione","BRACIERE 11-13KW INOX.jpg","https://pub-e5b1a861541243efa43922161ac876d7.r2.dev/products/bracieri-camere-combustione/braciere-11-13kw-inox.jpg","da associare manualmente"
"bracieri-camere-combustione","BRACIERE 9KW SLIM 3.jpg","https://pub-e5b1a861541243efa43922161ac876d7.r2.dev/products/bracieri-camere-combustione/braciere-9kw-slim-3.jpg","da associare manualmente"
"bracieri-camere-combustione","BRACIERE 9KW SLIM.jpg","https://pub-e5b1a861541243efa43922161ac876d7.r2.dev/products/bracieri-camere-combustione/braciere-9kw-slim.jpg","da associare manualmente"
"bracieri-camere-combustione","Braciere Adler-Ecotek-Campbel 2.jpg","https://pub-e5b1a861541243efa43922161ac876d7.r2.dev/products/bracieri-camere-combustione/braciere-adler-ecotek-campbel-2.jpg","da associare manualmente"
"bracieri-camere-combustione","Braciere Adler-Ecotek-Campbel 3.jpg","https://pub-e5b1a861541243efa43922161ac876d7.r2.dev/products/bracieri-camere-combustione/braciere-adler-ecotek-campbel-3.jpg","da associare manualmente"
"bracieri-camere-combustione","Braciere Adler-Ecotek-Campbel.jpg","https://pub-e5b1a861541243efa43922161ac876d7.r2.dev/products/bracieri-camere-combustione/braciere-adler-ecotek-campbel.jpg","da associare manualmente"
"bracieri-camere-combustione","BRACIERE ANDREA-TOMMY NEW.jpg","https://pub-e5b1a861541243efa43922161ac876d7.r2.dev/products/bracieri-camere-combustione/braciere-andrea-tommy-new.jpg","da associare manualmente"
"bracieri-camere-combustione","d3ac78a4-de77-40d3-9d0e-7dfa280d89c1.jpg","https://pub-e5b1a861541243efa43922161ac876d7.r2.dev/products/bracieri-camere-combustione/d3ac78a4-de77-40d3-9d0e-7dfa280d89c1.jpg","foto generica"
"bracieri-camere-combustione","f0c03a5e-bc79-48b9-b785-90b78e6311a4.jpg","https://pub-e5b1a861541243efa43922161ac876d7.r2.dev/products/bracieri-camere-combustione/f0c03a5e-bc79-48b9-b785-90b78e6311a4.jpg","foto generica"
"bracieri-camere-combustione","FONDO CAMERA COMBUSTIONE.jpg","https://pub-e5b1a861541243efa43922161ac876d7.r2.dev/products/bracieri-camere-combustione/fondo-camera-combustione.jpg","da associare manualmente"
"bracieri-camere-combustione","GOPR0065.jpg","https://pub-e5b1a861541243efa43922161ac876d7.r2.dev/products/bracieri-camere-combustione/gopr0065.jpg","foto generica"
"bracieri-camere-combustione","GOPR0067.jpg","https://pub-e5b1a861541243efa43922161ac876d7.r2.dev/products/bracieri-camere-combustione/gopr0067.jpg","foto generica"
"bracieri-camere-combustione","GOPR0083.jpg","https://pub-e5b1a861541243efa43922161ac876d7.r2.dev/products/bracieri-camere-combustione/gopr0083.jpg","foto generica"
"bracieri-camere-combustione","GOPR0085.jpg","https://pub-e5b1a861541243efa43922161ac876d7.r2.dev/products/bracieri-camere-combustione/gopr0085.jpg","foto generica"
"bracieri-camere-combustione","GOPR0086.jpg","https://pub-e5b1a861541243efa43922161ac876d7.r2.dev/products/bracieri-camere-combustione/gopr0086.jpg","foto generica"
"bracieri-camere-combustione","GOPR0088.jpg","https://pub-e5b1a861541243efa43922161ac876d7.r2.dev/products/bracieri-camere-combustione/gopr0088.jpg","foto generica"
"bracieri-camere-combustione","GOPR0135.JPG","https://pub-e5b1a861541243efa43922161ac876d7.r2.dev/products/bracieri-camere-combustione/gopr0135.jpg","foto generica"
"bracieri-camere-combustione","GOPR0137.JPG","https://pub-e5b1a861541243efa43922161ac876d7.r2.dev/products/bracieri-camere-combustione/gopr0137.jpg","foto generica"
"bracieri-camere-combustione","GOPR0138.JPG","https://pub-e5b1a861541243efa43922161ac876d7.r2.dev/products/bracieri-camere-combustione/gopr0138.jpg","foto generica"
"bracieri-camere-combustione","GOPR0141.JPG","https://pub-e5b1a861541243efa43922161ac876d7.r2.dev/products/bracieri-camere-combustione/gopr0141.jpg","foto generica"
"bracieri-camere-combustione","GOPR0142.JPG","https://pub-e5b1a861541243efa43922161ac876d7.r2.dev/products/bracieri-camere-combustione/gopr0142.jpg","foto generica"
"bracieri-camere-combustione","GOPR0143.JPG","https://pub-e5b1a861541243efa43922161ac876d7.r2.dev/products/bracieri-camere-combustione/gopr0143.jpg","foto generica"
"bracieri-camere-combustione","GOPR0145.JPG","https://pub-e5b1a861541243efa43922161ac876d7.r2.dev/products/bracieri-camere-combustione/gopr0145.jpg","foto generica"
"bracieri-camere-combustione","GOPR0153.JPG","https://pub-e5b1a861541243efa43922161ac876d7.r2.dev/products/bracieri-camere-combustione/gopr0153.jpg","foto generica"
"bracieri-camere-combustione","GOPR0154.JPG","https://pub-e5b1a861541243efa43922161ac876d7.r2.dev/products/bracieri-camere-combustione/gopr0154.jpg","foto generica"
"bracieri-camere-combustione","GOPR0157.JPG","https://pub-e5b1a861541243efa43922161ac876d7.r2.dev/products/bracieri-camere-combustione/gopr0157.jpg","foto generica"
"bracieri-camere-combustione","GOPR0158.JPG","https://pub-e5b1a861541243efa43922161ac876d7.r2.dev/products/bracieri-camere-combustione/gopr0158.jpg","foto generica"
"bracieri-camere-combustione","GOPR0160.JPG","https://pub-e5b1a861541243efa43922161ac876d7.r2.dev/products/bracieri-camere-combustione/gopr0160.jpg","foto generica"
"bracieri-camere-combustione","parete idro lam..jpg","https://pub-e5b1a861541243efa43922161ac876d7.r2.dev/products/bracieri-camere-combustione/parete-idro-lam.jpg","da associare manualmente"
"bracieri-camere-combustione","product_mini_87_1.jpg","https://pub-e5b1a861541243efa43922161ac876d7.r2.dev/products/bracieri-camere-combustione/product-mini-87-1.jpg","da associare manualmente"
"bracieri-camere-combustione","WhatsApp Image 2017-07-06 at 16.24.53.jpeg","https://pub-e5b1a861541243efa43922161ac876d7.r2.dev/products/bracieri-camere-combustione/whatsapp-image-2017-07-06-at-16-24-53.jpeg","foto generica"
"bracieri-camere-combustione","WhatsApp Image 2017-07-06 at 16.24.55.jpeg","https://pub-e5b1a861541243efa43922161ac876d7.r2.dev/products/bracieri-camere-combustione/whatsapp-image-2017-07-06-at-16-24-55.jpeg","foto generica"
"bracieri-camere-combustione","WhatsApp Image 2017-07-06 at 16.24.57.jpeg","https://pub-e5b1a861541243efa43922161ac876d7.r2.dev/products/bracieri-camere-combustione/whatsapp-image-2017-07-06-at-16-24-57.jpeg","foto generica"
"bracieri-camere-combustione","WhatsApp Image 2017-07-06 at 16.24.58.jpeg","https://pub-e5b1a861541243efa43922161ac876d7.r2.dev/products/bracieri-camere-combustione/whatsapp-image-2017-07-06-at-16-24-58.jpeg","foto generica"
"bracieri-camere-combustione","WhatsApp Image 2017-07-06 at 16.25.01.jpeg","https://pub-e5b1a861541243efa43922161ac876d7.r2.dev/products/bracieri-camere-combustione/whatsapp-image-2017-07-06-at-16-25-01.jpeg","foto generica"
"bracieri-camere-combustione","WhatsApp Image 2017-07-06 at 16.25.02.jpeg","https://pub-e5b1a861541243efa43922161ac876d7.r2.dev/products/bracieri-camere-combustione/whatsapp-image-2017-07-06-at-16-25-02.jpeg","foto generica"
"bracieri-camere-combustione","WhatsApp Image 2017-07-06 at 16.25.03.jpeg","https://pub-e5b1a861541243efa43922161ac876d7.r2.dev/products/bracieri-camere-combustione/whatsapp-image-2017-07-06-at-16-25-03.jpeg","foto generica"
"bracieri-camere-combustione","WhatsApp Image 2017-07-06 at 16.25.04.jpeg","https://pub-e5b1a861541243efa43922161ac876d7.r2.dev/products/bracieri-camere-combustione/whatsapp-image-2017-07-06-at-16-25-04.jpeg","foto generica"
"bracieri-camere-combustione","WhatsApp Image 2017-07-06 at 16.25.05.jpeg","https://pub-e5b1a861541243efa43922161ac876d7.r2.dev/products/bracieri-camere-combustione/whatsapp-image-2017-07-06-at-16-25-05.jpeg","foto generica"
"bracieri-camere-combustione","WhatsApp Image 2017-07-27 at 09.16.04.jpeg","https://pub-e5b1a861541243efa43922161ac876d7.r2.dev/products/bracieri-camere-combustione/whatsapp-image-2017-07-27-at-09-16-04.jpeg","foto generica"
"bracieri-camere-combustione","WhatsApp Image 2017-07-27 at 09.16.07.jpeg","https://pub-e5b1a861541243efa43922161ac876d7.r2.dev/products/bracieri-camere-combustione/whatsapp-image-2017-07-27-at-09-16-07.jpeg","foto generica"
"bracieri-camere-combustione","WhatsApp Image 2017-07-27 at 09.16.13.jpeg","https://pub-e5b1a861541243efa43922161ac876d7.r2.dev/products/bracieri-camere-combustione/whatsapp-image-2017-07-27-at-09-16-13.jpeg","foto generica"
"bracieri-camere-combustione","WhatsApp Image 2019-05-29 at 16.50.53 (1).jpeg","https://pub-e5b1a861541243efa43922161ac876d7.r2.dev/products/bracieri-camere-combustione/whatsapp-image-2019-05-29-at-16-50-53-1.jpeg","foto generica"
"bracieri-camere-combustione","WhatsApp Image 2019-05-29 at 16.50.53 (2).jpeg","https://pub-e5b1a861541243efa43922161ac876d7.r2.dev/products/bracieri-camere-combustione/whatsapp-image-2019-05-29-at-16-50-53-2.jpeg","foto generica"
"bracieri-camere-combustione","WhatsApp Image 2019-05-29 at 16.50.53.jpeg","https://pub-e5b1a861541243efa43922161ac876d7.r2.dev/products/bracieri-camere-combustione/whatsapp-image-2019-05-29-at-16-50-53.jpeg","foto generica"
"bracieri-camere-combustione","WhatsApp Image 2019-05-29 at 16.50.54 (3).jpeg","https://pub-e5b1a861541243efa43922161ac876d7.r2.dev/products/bracieri-camere-combustione/whatsapp-image-2019-05-29-at-16-50-54-3.jpeg","foto generica"
"bracieri-camere-combustione","WhatsApp Image 2019-05-29 at 16.50.54 (4).jpeg","https://pub-e5b1a861541243efa43922161ac876d7.r2.dev/products/bracieri-camere-combustione/whatsapp-image-2019-05-29-at-16-50-54-4.jpeg","foto generica"
"bracieri-camere-combustione","WhatsApp Image 2019-05-29 at 16.50.54.jpeg","https://pub-e5b1a861541243efa43922161ac876d7.r2.dev/products/bracieri-camere-combustione/whatsapp-image-2019-05-29-at-16-50-54.jpeg","foto generica"
"bracieri-camere-combustione","WhatsApp Image 2019-05-30 at 09.38.33.jpeg","https://pub-e5b1a861541243efa43922161ac876d7.r2.dev/products/bracieri-camere-combustione/whatsapp-image-2019-05-30-at-09-38-33.jpeg","foto generica"
"bracieri-camere-combustione","WhatsApp Image 2019-05-30 at 09.38.40.jpeg","https://pub-e5b1a861541243efa43922161ac876d7.r2.dev/products/bracieri-camere-combustione/whatsapp-image-2019-05-30-at-09-38-40.jpeg","foto generica"
"bracieri-camere-combustione","WhatsApp Image 2019-05-30 at 10.16.38.jpeg","https://pub-e5b1a861541243efa43922161ac876d7.r2.dev/products/bracieri-camere-combustione/whatsapp-image-2019-05-30-at-10-16-38.jpeg","foto generica"
"bracieri-camere-combustione","WhatsApp Image 2019-10-17 at 11.29.36.jpeg","https://pub-e5b1a861541243efa43922161ac876d7.r2.dev/products/bracieri-camere-combustione/whatsapp-image-2019-10-17-at-11-29-36.jpeg","foto generica"
"coclee","Coclea 10.jpeg","https://pub-e5b1a861541243efa43922161ac876d7.r2.dev/products/coclee/coclea-10.jpeg","da associare manualmente"
"coclee","Coclea 11.jpeg","https://pub-e5b1a861541243efa43922161ac876d7.r2.dev/products/coclee/coclea-11.jpeg","da associare manualmente"
"coclee","Coclea 12.jpeg","https://pub-e5b1a861541243efa43922161ac876d7.r2.dev/products/coclee/coclea-12.jpeg","da associare manualmente"
"coclee","Coclea 13.jpeg","https://pub-e5b1a861541243efa43922161ac876d7.r2.dev/products/coclee/coclea-13.jpeg","da associare manualmente"
"coclee","Coclea 14.jpeg","https://pub-e5b1a861541243efa43922161ac876d7.r2.dev/products/coclee/coclea-14.jpeg","da associare manualmente"
"coclee","Coclea 15.jpeg","https://pub-e5b1a861541243efa43922161ac876d7.r2.dev/products/coclee/coclea-15.jpeg","da associare manualmente"
"coclee","Coclea 16.jpeg","https://pub-e5b1a861541243efa43922161ac876d7.r2.dev/products/coclee/coclea-16.jpeg","da associare manualmente"
"coclee","Coclea 17.jpeg","https://pub-e5b1a861541243efa43922161ac876d7.r2.dev/products/coclee/coclea-17.jpeg","da associare manualmente"
"coclee","Coclea 2.jpeg","https://pub-e5b1a861541243efa43922161ac876d7.r2.dev/products/coclee/coclea-2.jpeg","da associare manualmente"
"coclee","Coclea 3.jpeg","https://pub-e5b1a861541243efa43922161ac876d7.r2.dev/products/coclee/coclea-3.jpeg","da associare manualmente"
"coclee","Coclea 4.jpeg","https://pub-e5b1a861541243efa43922161ac876d7.r2.dev/products/coclee/coclea-4.jpeg","da associare manualmente"
"coclee","Coclea 5.jpeg","https://pub-e5b1a861541243efa43922161ac876d7.r2.dev/products/coclee/coclea-5.jpeg","da associare manualmente"
"coclee","Coclea 6.jpeg","https://pub-e5b1a861541243efa43922161ac876d7.r2.dev/products/coclee/coclea-6.jpeg","da associare manualmente"
"coclee","Coclea 7.jpeg","https://pub-e5b1a861541243efa43922161ac876d7.r2.dev/products/coclee/coclea-7.jpeg","da associare manualmente"
"coclee","Coclea 8.jpeg","https://pub-e5b1a861541243efa43922161ac876d7.r2.dev/products/coclee/coclea-8.jpeg","da associare manualmente"
"coclee","Coclea 9.jpeg","https://pub-e5b1a861541243efa43922161ac876d7.r2.dev/products/coclee/coclea-9.jpeg","da associare manualmente"
"coclee","COCLEA ERIKA 1.png","https://pub-e5b1a861541243efa43922161ac876d7.r2.dev/products/coclee/coclea-erika-1.png","da associare manualmente"
"coclee","COCLEA ERIKA 2.png","https://pub-e5b1a861541243efa43922161ac876d7.r2.dev/products/coclee/coclea-erika-2.png","da associare manualmente"
"coclee","COCLEA ERIKA 3.png","https://pub-e5b1a861541243efa43922161ac876d7.r2.dev/products/coclee/coclea-erika-3.png","da associare manualmente"
"coclee","Coclea.jpeg","https://pub-e5b1a861541243efa43922161ac876d7.r2.dev/products/coclee/coclea.jpeg","da associare manualmente"
"coclee","IMG_20191107_171026.jpg","https://pub-e5b1a861541243efa43922161ac876d7.r2.dev/products/coclee/img-20191107-171026.jpg","foto generica"
"coclee","IMG_20191107_171030.jpg","https://pub-e5b1a861541243efa43922161ac876d7.r2.dev/products/coclee/img-20191107-171030.jpg","foto generica"
"coclee","WhatsApp Image 2017-07-03 at 11.39.27.jpeg","https://pub-e5b1a861541243efa43922161ac876d7.r2.dev/products/coclee/whatsapp-image-2017-07-03-at-11-39-27.jpeg","foto generica"
"coclee","WhatsApp Image 2017-07-06 at 10.21.09.jpeg","https://pub-e5b1a861541243efa43922161ac876d7.r2.dev/products/coclee/whatsapp-image-2017-07-06-at-10-21-09.jpeg","foto generica"
"coclee","WhatsApp Image 2017-07-06 at 10.21.12.jpeg","https://pub-e5b1a861541243efa43922161ac876d7.r2.dev/products/coclee/whatsapp-image-2017-07-06-at-10-21-12.jpeg","foto generica"
"coclee","WhatsApp Image 2017-07-06 at 10.21.14.jpeg","https://pub-e5b1a861541243efa43922161ac876d7.r2.dev/products/coclee/whatsapp-image-2017-07-06-at-10-21-14.jpeg","foto generica"
"coclee","WhatsApp Image 2017-07-06 at 10.21.17.jpeg","https://pub-e5b1a861541243efa43922161ac876d7.r2.dev/products/coclee/whatsapp-image-2017-07-06-at-10-21-17.jpeg","foto generica"
"coclee","WhatsApp Image 2017-07-06 at 10.21.34.jpeg","https://pub-e5b1a861541243efa43922161ac876d7.r2.dev/products/coclee/whatsapp-image-2017-07-06-at-10-21-34.jpeg","foto generica"
"coclee","WhatsApp Image 2017-07-06 at 10.21.37.jpeg","https://pub-e5b1a861541243efa43922161ac876d7.r2.dev/products/coclee/whatsapp-image-2017-07-06-at-10-21-37.jpeg","foto generica"
"coclee","WhatsApp Image 2017-07-06 at 10.21.41.jpeg","https://pub-e5b1a861541243efa43922161ac876d7.r2.dev/products/coclee/whatsapp-image-2017-07-06-at-10-21-41.jpeg","foto generica"
"coclee","WhatsApp Image 2017-07-06 at 10.21.44.jpeg","https://pub-e5b1a861541243efa43922161ac876d7.r2.dev/products/coclee/whatsapp-image-2017-07-06-at-10-21-44.jpeg","foto generica"
"coclee","WhatsApp Image 2017-07-06 at 10.21.48.jpeg","https://pub-e5b1a861541243efa43922161ac876d7.r2.dev/products/coclee/whatsapp-image-2017-07-06-at-10-21-48.jpeg","foto generica"
"coclee","WhatsApp Image 2017-07-06 at 10.21.52.jpeg","https://pub-e5b1a861541243efa43922161ac876d7.r2.dev/products/coclee/whatsapp-image-2017-07-06-at-10-21-52.jpeg","foto generica"
"coclee","WhatsApp Image 2017-07-06 at 10.21.54.jpeg","https://pub-e5b1a861541243efa43922161ac876d7.r2.dev/products/coclee/whatsapp-image-2017-07-06-at-10-21-54.jpeg","foto generica"
"coclee","WhatsApp Image 2017-07-06 at 10.21.57.jpeg","https://pub-e5b1a861541243efa43922161ac876d7.r2.dev/products/coclee/whatsapp-image-2017-07-06-at-10-21-57.jpeg","foto generica"
"display-cavi-telecomandi","66.jpg","https://pub-e5b1a861541243efa43922161ac876d7.r2.dev/products/display-cavi-telecomandi/66.jpg","solo numero"
"display-cavi-telecomandi","Console di Emergenza Micronova.jpg","https://pub-e5b1a861541243efa43922161ac876d7.r2.dev/products/display-cavi-telecomandi/console-di-emergenza-micronova.jpg","da associare manualmente"
"display-cavi-telecomandi","display led ceza   compatibile solo con schde ceza.jpg","https://pub-e5b1a861541243efa43922161ac876d7.r2.dev/products/display-cavi-telecomandi/display-led-ceza-compatibile-solo-con-schde-ceza.jpg","da associare manualmente"
"display-cavi-telecomandi","file30038.jpg","https://pub-e5b1a861541243efa43922161ac876d7.r2.dev/products/display-cavi-telecomandi/file30038.jpg","da associare manualmente"
"display-cavi-telecomandi","IMG_20161004_155507.jpg","https://pub-e5b1a861541243efa43922161ac876d7.r2.dev/products/display-cavi-telecomandi/img-20161004-155507.jpg","foto generica"
"display-cavi-telecomandi","IMG_20161004_155524.jpg","https://pub-e5b1a861541243efa43922161ac876d7.r2.dev/products/display-cavi-telecomandi/img-20161004-155524.jpg","foto generica"
"display-cavi-telecomandi","IMG_20161004_155631.jpg","https://pub-e5b1a861541243efa43922161ac876d7.r2.dev/products/display-cavi-telecomandi/img-20161004-155631.jpg","foto generica"
"display-cavi-telecomandi","IMG_20191012_095020.jpg","https://pub-e5b1a861541243efa43922161ac876d7.r2.dev/products/display-cavi-telecomandi/img-20191012-095020.jpg","foto generica"
"display-cavi-telecomandi","IMG_20191012_095038.jpg","https://pub-e5b1a861541243efa43922161ac876d7.r2.dev/products/display-cavi-telecomandi/img-20191012-095038.jpg","foto generica"
"display-cavi-telecomandi","PFHPIM2R0000 - PFHPABAR0000 - Radiocomando con base ricarica.jpg","https://pub-e5b1a861541243efa43922161ac876d7.r2.dev/products/display-cavi-telecomandi/pfhpim2r0000-pfhpabar0000-radiocomando-con-base-ricarica.jpg","da associare manualmente"
"display-cavi-telecomandi","PFHPIM2R0000 - Radiocomando HRC 2.5.jpg","https://pub-e5b1a861541243efa43922161ac876d7.r2.dev/products/display-cavi-telecomandi/pfhpim2r0000-radiocomando-hrc-2-5.jpg","da associare manualmente"
"display-cavi-telecomandi","PL026PR028-4-1.jpg","https://pub-e5b1a861541243efa43922161ac876d7.r2.dev/products/display-cavi-telecomandi/pl026pr028-4-1.jpg","da associare manualmente"
"display-cavi-telecomandi","telecomando Ceza.jpg","https://pub-e5b1a861541243efa43922161ac876d7.r2.dev/products/display-cavi-telecomandi/telecomando-ceza.jpg","da associare manualmente"
"display-cavi-telecomandi","Telecomando Futura.jpg","https://pub-e5b1a861541243efa43922161ac876d7.r2.dev/products/display-cavi-telecomandi/telecomando-futura.jpg","da associare manualmente"
"display-cavi-telecomandi","TELECOMANDO NERO FUTURA.jpg","https://pub-e5b1a861541243efa43922161ac876d7.r2.dev/products/display-cavi-telecomandi/telecomando-nero-futura.jpg","da associare manualmente"
"display-cavi-telecomandi","TELECOMANDO NEW 2.jpg","https://pub-e5b1a861541243efa43922161ac876d7.r2.dev/products/display-cavi-telecomandi/telecomando-new-2.jpg","da associare manualmente"
"display-cavi-telecomandi","TELECOMANDO NEW.jpg","https://pub-e5b1a861541243efa43922161ac876d7.r2.dev/products/display-cavi-telecomandi/telecomando-new.jpg","da associare manualmente"
"display-cavi-telecomandi","TELECOMANDO RADIO RAFFAELLO-GIOTTO.jpg","https://pub-e5b1a861541243efa43922161ac876d7.r2.dev/products/display-cavi-telecomandi/telecomando-radio-raffaello-giotto.jpg","da associare manualmente"
"display-cavi-telecomandi","TELECOMANDO RADIO SILENCE-NICO.jpg","https://pub-e5b1a861541243efa43922161ac876d7.r2.dev/products/display-cavi-telecomandi/telecomando-radio-silence-nico.jpg","da associare manualmente"
"display-cavi-telecomandi","TELECOMANDO RADIO SILENCE2.jpg","https://pub-e5b1a861541243efa43922161ac876d7.r2.dev/products/display-cavi-telecomandi/telecomando-radio-silence2.jpg","da associare manualmente"
"display-cavi-telecomandi","WhatsApp Image 2017-07-27 at 09.16.10 (2).jpeg","https://pub-e5b1a861541243efa43922161ac876d7.r2.dev/products/display-cavi-telecomandi/whatsapp-image-2017-07-27-at-09-16-10-2.jpeg","foto generica"
"display-cavi-telecomandi","WhatsApp Image 2017-07-27 at 09.16.10.jpeg","https://pub-e5b1a861541243efa43922161ac876d7.r2.dev/products/display-cavi-telecomandi/whatsapp-image-2017-07-27-at-09-16-10.jpeg","foto generica"
"display-cavi-telecomandi","WhatsApp Image 2017-07-27 at 09.16.13.jpeg","https://pub-e5b1a861541243efa43922161ac876d7.r2.dev/products/display-cavi-telecomandi/whatsapp-image-2017-07-27-at-09-16-13.jpeg","foto generica"
"guarnizioni-silicone","20200430_111621.jpg","https://pub-e5b1a861541243efa43922161ac876d7.r2.dev/products/guarnizioni-silicone/20200430-111621.jpg","da associare manualmente"
"guarnizioni-silicone","20200430_111624.jpg","https://pub-e5b1a861541243efa43922161ac876d7.r2.dev/products/guarnizioni-silicone/20200430-111624.jpg","da associare manualmente"
"guarnizioni-silicone","20200430_111630.jpg","https://pub-e5b1a861541243efa43922161ac876d7.r2.dev/products/guarnizioni-silicone/20200430-111630.jpg","da associare manualmente"
"guarnizioni-silicone","WhatsApp Image 2019-05-30 at 10.17.35.jpeg","https://pub-e5b1a861541243efa43922161ac876d7.r2.dev/products/guarnizioni-silicone/whatsapp-image-2019-05-30-at-10-17-35.jpeg","foto generica"
"guarnizioni-silicone","WhatsApp Image 2019-05-30 at 10.17.52.jpeg","https://pub-e5b1a861541243efa43922161ac876d7.r2.dev/products/guarnizioni-silicone/whatsapp-image-2019-05-30-at-10-17-52.jpeg","foto generica"
"guarnizioni-silicone","WhatsApp Image 2019-05-30 at 10.40.27.jpeg","https://pub-e5b1a861541243efa43922161ac876d7.r2.dev/products/guarnizioni-silicone/whatsapp-image-2019-05-30-at-10-40-27.jpeg","foto generica"
"motoriduttori","95100300.jpg","https://pub-e5b1a861541243efa43922161ac876d7.r2.dev/products/motoriduttori/95100300.jpg","solo numero"
"motoriduttori","951007800.jpg","https://pub-e5b1a861541243efa43922161ac876d7.r2.dev/products/motoriduttori/951007800.jpg","solo numero"
"motoriduttori","951016800.jpg","https://pub-e5b1a861541243efa43922161ac876d7.r2.dev/products/motoriduttori/951016800.jpg","solo numero"
"motoriduttori","951034800.jpg","https://pub-e5b1a861541243efa43922161ac876d7.r2.dev/products/motoriduttori/951034800.jpg","solo numero"
"motoriduttori","951042000.jpg","https://pub-e5b1a861541243efa43922161ac876d7.r2.dev/products/motoriduttori/951042000.jpg","solo numero"
"motoriduttori","951063000.jpg","https://pub-e5b1a861541243efa43922161ac876d7.r2.dev/products/motoriduttori/951063000.jpg","solo numero"
"motoriduttori","ac9e766b-2c1c-453e-9427-1485ba9fc4f8.jpg","https://pub-e5b1a861541243efa43922161ac876d7.r2.dev/products/motoriduttori/ac9e766b-2c1c-453e-9427-1485ba9fc4f8.jpg","foto generica"
"motoriduttori","c74388ab-4a16-480c-8e0f-f5b925078fd4.jpg","https://pub-e5b1a861541243efa43922161ac876d7.r2.dev/products/motoriduttori/c74388ab-4a16-480c-8e0f-f5b925078fd4.jpg","foto generica"
"motoriduttori","de4cec90-2c8c-4656-a415-1dc4416ad59c.jpg","https://pub-e5b1a861541243efa43922161ac876d7.r2.dev/products/motoriduttori/de4cec90-2c8c-4656-a415-1dc4416ad59c.jpg","foto generica"
"motoriduttori","MOTORIDUTTORE PER STUFE A PELLET MELLOR 2 RPM.jpg","https://pub-e5b1a861541243efa43922161ac876d7.r2.dev/products/motoriduttori/motoriduttore-per-stufe-a-pellet-mellor-2-rpm.jpg","da associare manualmente"
"motoriduttori","MOTORIDUTTORE PER STUFE A PELLET MELLOR 3 RPM.jpg","https://pub-e5b1a861541243efa43922161ac876d7.r2.dev/products/motoriduttori/motoriduttore-per-stufe-a-pellet-mellor-3-rpm.jpg","da associare manualmente"
"motoriduttori","motoriduttore-per-stufe-a-pellet-mellor-3.jpg","https://pub-e5b1a861541243efa43922161ac876d7.r2.dev/products/motoriduttori/motoriduttore-per-stufe-a-pellet-mellor-3.jpg","da associare manualmente"
"motoriduttori","WhatsApp Image 2017-07-03 at 11.39.06.jpeg","https://pub-e5b1a861541243efa43922161ac876d7.r2.dev/products/motoriduttori/whatsapp-image-2017-07-03-at-11-39-06.jpeg","foto generica"
"motoriduttori","WhatsApp Image 2017-07-03 at 11.39.09.jpeg","https://pub-e5b1a861541243efa43922161ac876d7.r2.dev/products/motoriduttori/whatsapp-image-2017-07-03-at-11-39-09.jpeg","foto generica"
"motoriduttori","WhatsApp Image 2017-07-03 at 11.39.12.jpeg","https://pub-e5b1a861541243efa43922161ac876d7.r2.dev/products/motoriduttori/whatsapp-image-2017-07-03-at-11-39-12.jpeg","foto generica"
"motoriduttori","WhatsApp Image 2017-07-03 at 11.39.16.jpeg","https://pub-e5b1a861541243efa43922161ac876d7.r2.dev/products/motoriduttori/whatsapp-image-2017-07-03-at-11-39-16.jpeg","foto generica"
"motoriduttori","WhatsApp Image 2017-07-03 at 11.39.19.jpeg","https://pub-e5b1a861541243efa43922161ac876d7.r2.dev/products/motoriduttori/whatsapp-image-2017-07-03-at-11-39-19.jpeg","foto generica"
"motoriduttori","WhatsApp Image 2017-07-03 at 11.39.22.jpeg","https://pub-e5b1a861541243efa43922161ac876d7.r2.dev/products/motoriduttori/whatsapp-image-2017-07-03-at-11-39-22.jpeg","foto generica"
"motoriduttori","WhatsApp Image 2018-06-14 at 10.55.40.jpeg","https://pub-e5b1a861541243efa43922161ac876d7.r2.dev/products/motoriduttori/whatsapp-image-2018-06-14-at-10-55-40.jpeg","foto generica"
"motoriduttori","WhatsApp Image 2018-06-14 at 10.55.52 (1).jpeg","https://pub-e5b1a861541243efa43922161ac876d7.r2.dev/products/motoriduttori/whatsapp-image-2018-06-14-at-10-55-52-1.jpeg","foto generica"
"motoriduttori","WhatsApp Image 2018-06-14 at 10.55.52.jpeg","https://pub-e5b1a861541243efa43922161ac876d7.r2.dev/products/motoriduttori/whatsapp-image-2018-06-14-at-10-55-52.jpeg","foto generica"
"motoriduttori","WhatsApp Image 2019-05-29 at 11.15.19.jpeg","https://pub-e5b1a861541243efa43922161ac876d7.r2.dev/products/motoriduttori/whatsapp-image-2019-05-29-at-11-15-19.jpeg","foto generica"
"motoriduttori","WhatsApp Image 2019-05-29 at 11.15.34.jpeg","https://pub-e5b1a861541243efa43922161ac876d7.r2.dev/products/motoriduttori/whatsapp-image-2019-05-29-at-11-15-34.jpeg","foto generica"
"motoriduttori","WhatsApp Image 2022-10-25 at 11.48.58.jpeg","https://pub-e5b1a861541243efa43922161ac876d7.r2.dev/products/motoriduttori/whatsapp-image-2022-10-25-at-11-48-58.jpeg","foto generica"
"motoriduttori","WhatsApp Image 2022-10-25 at 11.49.12.jpeg","https://pub-e5b1a861541243efa43922161ac876d7.r2.dev/products/motoriduttori/whatsapp-image-2022-10-25-at-11-49-12.jpeg","foto generica"
"pompe-sensori","WhatsApp Image 2019-05-29 at 09.28.19.jpeg","https://pub-e5b1a861541243efa43922161ac876d7.r2.dev/products/pompe-sensori/whatsapp-image-2019-05-29-at-09-28-19.jpeg","foto generica"
"pompe-sensori","WhatsApp Image 2019-05-29 at 09.28.45.jpeg","https://pub-e5b1a861541243efa43922161ac876d7.r2.dev/products/pompe-sensori/whatsapp-image-2019-05-29-at-09-28-45.jpeg","foto generica"
"pompe-sensori","WhatsApp Image 2019-05-30 at 09.40.03.jpeg","https://pub-e5b1a861541243efa43922161ac876d7.r2.dev/products/pompe-sensori/whatsapp-image-2019-05-30-at-09-40-03.jpeg","foto generica"
"pompe-sensori","WhatsApp Image 2019-05-30 at 09.40.13.jpeg","https://pub-e5b1a861541243efa43922161ac876d7.r2.dev/products/pompe-sensori/whatsapp-image-2019-05-30-at-09-40-13.jpeg","foto generica"
"pompe-sensori","WhatsApp Image 2019-05-30 at 09.40.22.jpeg","https://pub-e5b1a861541243efa43922161ac876d7.r2.dev/products/pompe-sensori/whatsapp-image-2019-05-30-at-09-40-22.jpeg","foto generica"
"pompe-sensori","WhatsApp Image 2019-05-30 at 09.40.34.jpeg","https://pub-e5b1a861541243efa43922161ac876d7.r2.dev/products/pompe-sensori/whatsapp-image-2019-05-30-at-09-40-34.jpeg","foto generica"
"pompe-sensori","WhatsApp Image 2019-05-30 at 09.40.46.jpeg","https://pub-e5b1a861541243efa43922161ac876d7.r2.dev/products/pompe-sensori/whatsapp-image-2019-05-30-at-09-40-46.jpeg","foto generica"
"resistenze-accensione","177.jpg","https://pub-e5b1a861541243efa43922161ac876d7.r2.dev/products/resistenze-accensione/177.jpg","solo numero"
"resistenze-accensione","179-small_default.jpg","https://pub-e5b1a861541243efa43922161ac876d7.r2.dev/products/resistenze-accensione/179-small-default.jpg","da associare manualmente"
"resistenze-accensione","2016_DZG_Catalogue_IT2 (004).jpg","https://pub-e5b1a861541243efa43922161ac876d7.r2.dev/products/resistenze-accensione/2016-dzg-catalogue-it2-004.jpg","da associare manualmente"
"resistenze-accensione","20250317_101606.jpg","https://pub-e5b1a861541243efa43922161ac876d7.r2.dev/products/resistenze-accensione/20250317-101606.jpg","da associare manualmente"
"resistenze-accensione","20250317_101627.jpg","https://pub-e5b1a861541243efa43922161ac876d7.r2.dev/products/resistenze-accensione/20250317-101627.jpg","da associare manualmente"
"resistenze-accensione","31Gy3cFst9L._SX355_.jpg","https://pub-e5b1a861541243efa43922161ac876d7.r2.dev/products/resistenze-accensione/31gy3cfst9l-sx355.jpg","da associare manualmente"
"resistenze-accensione","351.jpg","https://pub-e5b1a861541243efa43922161ac876d7.r2.dev/products/resistenze-accensione/351.jpg","solo numero"
"resistenze-accensione","358.jpg","https://pub-e5b1a861541243efa43922161ac876d7.r2.dev/products/resistenze-accensione/358.jpg","solo numero"
"resistenze-accensione","359.jpg","https://pub-e5b1a861541243efa43922161ac876d7.r2.dev/products/resistenze-accensione/359.jpg","solo numero"
"resistenze-accensione","candela quarzo.jpg","https://pub-e5b1a861541243efa43922161ac876d7.r2.dev/products/resistenze-accensione/candela-quarzo.jpg","da associare manualmente"
"resistenze-accensione","GOPR0144.JPG","https://pub-e5b1a861541243efa43922161ac876d7.r2.dev/products/resistenze-accensione/gopr0144.jpg","foto generica"
"resistenze-accensione","IMG_20161014_174318.jpg","https://pub-e5b1a861541243efa43922161ac876d7.r2.dev/products/resistenze-accensione/img-20161014-174318.jpg","foto generica"
"resistenze-accensione","IMG_20170110_101514.jpg","https://pub-e5b1a861541243efa43922161ac876d7.r2.dev/products/resistenze-accensione/img-20170110-101514.jpg","foto generica"
"resistenze-accensione","IMG_20170110_101529.jpg","https://pub-e5b1a861541243efa43922161ac876d7.r2.dev/products/resistenze-accensione/img-20170110-101529.jpg","foto generica"
"resistenze-accensione","resistenza-elettrica-9,9mm-170mm.jpg","https://pub-e5b1a861541243efa43922161ac876d7.r2.dev/products/resistenze-accensione/resistenza-elettrica-9-9mm-170mm.jpg","da associare manualmente"
"resistenze-accensione","WhatsApp Image 2017-08-04 at 11.17.11 (1).jpeg","https://pub-e5b1a861541243efa43922161ac876d7.r2.dev/products/resistenze-accensione/whatsapp-image-2017-08-04-at-11-17-11-1.jpeg","foto generica"
"resistenze-accensione","WhatsApp Image 2017-08-04 at 11.17.13.jpeg","https://pub-e5b1a861541243efa43922161ac876d7.r2.dev/products/resistenze-accensione/whatsapp-image-2017-08-04-at-11-17-13.jpeg","foto generica"
"resistenze-accensione","WhatsApp Image 2019-05-30 at 09.41.02.jpeg","https://pub-e5b1a861541243efa43922161ac876d7.r2.dev/products/resistenze-accensione/whatsapp-image-2019-05-30-at-09-41-02.jpeg","foto generica"
"schede-elettroniche-sensori","235.jpg","https://pub-e5b1a861541243efa43922161ac876d7.r2.dev/products/schede-elettroniche-sensori/235.jpg","solo numero"
"schede-elettroniche-sensori","CONNETTORE 2 POLI.jpg","https://pub-e5b1a861541243efa43922161ac876d7.r2.dev/products/schede-elettroniche-sensori/connettore-2-poli.jpg","da associare manualmente"
"schede-elettroniche-sensori","duepi.jpeg","https://pub-e5b1a861541243efa43922161ac876d7.r2.dev/products/schede-elettroniche-sensori/duepi.jpeg","da associare manualmente"
"schede-elettroniche-sensori","GOPR0027.JPG","https://pub-e5b1a861541243efa43922161ac876d7.r2.dev/products/schede-elettroniche-sensori/gopr0027.jpg","foto generica"
"schede-elettroniche-sensori","GOPR0028.JPG","https://pub-e5b1a861541243efa43922161ac876d7.r2.dev/products/schede-elettroniche-sensori/gopr0028.jpg","foto generica"
"schede-elettroniche-sensori","GOPR0087.jpg","https://pub-e5b1a861541243efa43922161ac876d7.r2.dev/products/schede-elettroniche-sensori/gopr0087.jpg","foto generica"
"schede-elettroniche-sensori","GOPR0156.JPG","https://pub-e5b1a861541243efa43922161ac876d7.r2.dev/products/schede-elettroniche-sensori/gopr0156.jpg","foto generica"
"schede-elettroniche-sensori","L023-8 SILENCE-TREVISI-FUTURA 1.jpg","https://pub-e5b1a861541243efa43922161ac876d7.r2.dev/products/schede-elettroniche-sensori/l023-8-silence-trevisi-futura-1.jpg","da associare manualmente"
"schede-elettroniche-sensori","L023-8 SILENCE-TREVISI-FUTURA.jpg","https://pub-e5b1a861541243efa43922161ac876d7.r2.dev/products/schede-elettroniche-sensori/l023-8-silence-trevisi-futura.jpg","da associare manualmente"
"schede-elettroniche-sensori","N100-1.jpg","https://pub-e5b1a861541243efa43922161ac876d7.r2.dev/products/schede-elettroniche-sensori/n100-1.jpg","da associare manualmente"
"schede-elettroniche-sensori","N100-2-150x150.jpg","https://pub-e5b1a861541243efa43922161ac876d7.r2.dev/products/schede-elettroniche-sensori/n100-2-150x150.jpg","da associare manualmente"
"schede-elettroniche-sensori","N100-3.jpg","https://pub-e5b1a861541243efa43922161ac876d7.r2.dev/products/schede-elettroniche-sensori/n100-3.jpg","da associare manualmente"
"schede-elettroniche-sensori","Scheda Caricatore Serbatoio Pellet.jpg","https://pub-e5b1a861541243efa43922161ac876d7.r2.dev/products/schede-elettroniche-sensori/scheda-caricatore-serbatoio-pellet.jpg","da associare manualmente"
"schede-elettroniche-sensori","SCHEDA ELETTRONICA CEZA 2.jpg","https://pub-e5b1a861541243efa43922161ac876d7.r2.dev/products/schede-elettroniche-sensori/scheda-elettronica-ceza-2.jpg","da associare manualmente"
"schede-elettroniche-sensori","SCHEDA ELETTRONICA CEZA.jpg","https://pub-e5b1a861541243efa43922161ac876d7.r2.dev/products/schede-elettroniche-sensori/scheda-elettronica-ceza.jpg","da associare manualmente"
"schede-elettroniche-sensori","SCHEDA EV - PRO.jpg","https://pub-e5b1a861541243efa43922161ac876d7.r2.dev/products/schede-elettroniche-sensori/scheda-ev-pro.jpg","da associare manualmente"
"schede-elettroniche-sensori","SCHEDA MICRONOVA UO47.jpg","https://pub-e5b1a861541243efa43922161ac876d7.r2.dev/products/schede-elettroniche-sensori/scheda-micronova-uo47.jpg","da associare manualmente"
"schede-elettroniche-sensori","schema scheda Tiemme.png","https://pub-e5b1a861541243efa43922161ac876d7.r2.dev/products/schede-elettroniche-sensori/schema-scheda-tiemme.png","da associare manualmente"
"schede-elettroniche-sensori","SENSORE LIVELLO PELLET MICRONOVA.jpg","https://pub-e5b1a861541243efa43922161ac876d7.r2.dev/products/schede-elettroniche-sensori/sensore-livello-pellet-micronova.jpg","da associare manualmente"
"schede-elettroniche-sensori","SENSORE LIVELLO PELLET SYRION.jpg","https://pub-e5b1a861541243efa43922161ac876d7.r2.dev/products/schede-elettroniche-sensori/sensore-livello-pellet-syrion.jpg","da associare manualmente"
"schede-elettroniche-sensori","WhatsApp Image 2019-05-29 at 09.29.38.jpeg","https://pub-e5b1a861541243efa43922161ac876d7.r2.dev/products/schede-elettroniche-sensori/whatsapp-image-2019-05-29-at-09-29-38.jpeg","foto generica"
"schede-elettroniche-sensori","WhatsApp Image 2019-05-29 at 09.29.53.jpeg","https://pub-e5b1a861541243efa43922161ac876d7.r2.dev/products/schede-elettroniche-sensori/whatsapp-image-2019-05-29-at-09-29-53.jpeg","foto generica"
"schede-elettroniche-sensori","WhatsApp Image 2019-05-30 at 09.39.33 (2).jpeg","https://pub-e5b1a861541243efa43922161ac876d7.r2.dev/products/schede-elettroniche-sensori/whatsapp-image-2019-05-30-at-09-39-33-2.jpeg","foto generica"
"schede-elettroniche-sensori","WhatsApp Image 2019-05-30 at 09.39.46 (2).jpeg","https://pub-e5b1a861541243efa43922161ac876d7.r2.dev/products/schede-elettroniche-sensori/whatsapp-image-2019-05-30-at-09-39-46-2.jpeg","foto generica"
"schede-elettroniche-sensori","WhatsApp Image 2022-10-11 at 16.36.53 (1).jpeg","https://pub-e5b1a861541243efa43922161ac876d7.r2.dev/products/schede-elettroniche-sensori/whatsapp-image-2022-10-11-at-16-36-53-1.jpeg","foto generica"
"schede-elettroniche-sensori","WhatsApp Image 2022-10-25 at 11.37.07.jpeg","https://pub-e5b1a861541243efa43922161ac876d7.r2.dev/products/schede-elettroniche-sensori/whatsapp-image-2022-10-25-at-11-37-07.jpeg","foto generica"
"sonde-depressori-termostati","GOPR0052.jpg","https://pub-e5b1a861541243efa43922161ac876d7.r2.dev/products/sonde-depressori-termostati/gopr0052.jpg","foto generica"
"sonde-depressori-termostati","ll55336 cavo da 1m con connettori per debimetro.JPG","https://pub-e5b1a861541243efa43922161ac876d7.r2.dev/products/sonde-depressori-termostati/ll55336-cavo-da-1m-con-connettori-per-debimetro.jpg","da associare manualmente"
"sonde-depressori-termostati","WhatsApp Image 2017-09-08 at 18.15.52.jpeg","https://pub-e5b1a861541243efa43922161ac876d7.r2.dev/products/sonde-depressori-termostati/whatsapp-image-2017-09-08-at-18-15-52.jpeg","foto generica"
"sonde-depressori-termostati","WhatsApp Image 2017-09-08 at 18.15.53.jpeg","https://pub-e5b1a861541243efa43922161ac876d7.r2.dev/products/sonde-depressori-termostati/whatsapp-image-2017-09-08-at-18-15-53.jpeg","foto generica"
"stufe-a-pellet","stufa-a-pellet-11kw-sara (1).jpg","https://pub-e5b1a861541243efa43922161ac876d7.r2.dev/products/stufe-a-pellet/stufa-a-pellet-11kw-sara-1.jpg","da associare manualmente"
"stufe-a-pellet","stufa-a-pellet-11kw-sara (2).jpg","https://pub-e5b1a861541243efa43922161ac876d7.r2.dev/products/stufe-a-pellet/stufa-a-pellet-11kw-sara-2.jpg","da associare manualmente"
"stufe-a-pellet","stufa-a-pellet-11kw-sara (3).jpg","https://pub-e5b1a861541243efa43922161ac876d7.r2.dev/products/stufe-a-pellet/stufa-a-pellet-11kw-sara-3.jpg","da associare manualmente"
"stufe-a-pellet","stufa-a-pellet-11kw-sara (4).jpg","https://pub-e5b1a861541243efa43922161ac876d7.r2.dev/products/stufe-a-pellet/stufa-a-pellet-11kw-sara-4.jpg","da associare manualmente"
"stufe-a-pellet","stufa-a-pellet-11kw-sara (5).jpg","https://pub-e5b1a861541243efa43922161ac876d7.r2.dev/products/stufe-a-pellet/stufa-a-pellet-11kw-sara-5.jpg","da associare manualmente"
"stufe-a-pellet","stufa-a-pellet-11kw-sara (6).jpg","https://pub-e5b1a861541243efa43922161ac876d7.r2.dev/products/stufe-a-pellet/stufa-a-pellet-11kw-sara-6.jpg","da associare manualmente"
"stufe-a-pellet","stufa-a-pellet-11kw-sara.jpg","https://pub-e5b1a861541243efa43922161ac876d7.r2.dev/products/stufe-a-pellet/stufa-a-pellet-11kw-sara.jpg","da associare manualmente"
"ventilatori-aria","1b098dd1-9e34-49df-9216-2cd4e05618f3.jpg","https://pub-e5b1a861541243efa43922161ac876d7.r2.dev/products/ventilatori-aria/1b098dd1-9e34-49df-9216-2cd4e05618f3.jpg","foto generica"
"ventilatori-aria","1b3e402b-bd17-4cac-b580-ed6bf6769a17.jpg","https://pub-e5b1a861541243efa43922161ac876d7.r2.dev/products/ventilatori-aria/1b3e402b-bd17-4cac-b580-ed6bf6769a17.jpg","foto generica"
"ventilatori-aria","30389361-baee-44c5-811f-a4c4a3e3369d.jpg","https://pub-e5b1a861541243efa43922161ac876d7.r2.dev/products/ventilatori-aria/30389361-baee-44c5-811f-a4c4a3e3369d.jpg","foto generica"
"ventilatori-aria","9510032400.jpeg","https://pub-e5b1a861541243efa43922161ac876d7.r2.dev/products/ventilatori-aria/9510032400.jpeg","solo numero"
"ventilatori-aria","9510032500.jpeg","https://pub-e5b1a861541243efa43922161ac876d7.r2.dev/products/ventilatori-aria/9510032500.jpeg","solo numero"
"ventilatori-aria","9510044100.jpg","https://pub-e5b1a861541243efa43922161ac876d7.r2.dev/products/ventilatori-aria/9510044100.jpg","solo numero"
"ventilatori-aria","951046400.jpg","https://pub-e5b1a861541243efa43922161ac876d7.r2.dev/products/ventilatori-aria/951046400.jpg","solo numero"
"ventilatori-aria","951047600.jpg","https://pub-e5b1a861541243efa43922161ac876d7.r2.dev/products/ventilatori-aria/951047600.jpg","solo numero"
"ventilatori-aria","951047700.jpg","https://pub-e5b1a861541243efa43922161ac876d7.r2.dev/products/ventilatori-aria/951047700.jpg","solo numero"
"ventilatori-aria","c95636b4-a8bc-44be-9ba5-3eaf326cf603.jpg","https://pub-e5b1a861541243efa43922161ac876d7.r2.dev/products/ventilatori-aria/c95636b4-a8bc-44be-9ba5-3eaf326cf603.jpg","foto generica"
"ventilatori-aria","download (1).jpe","https://pub-e5b1a861541243efa43922161ac876d7.r2.dev/products/ventilatori-aria/download-1.jpe","da associare manualmente"
"ventilatori-aria","download (1).jpg","https://pub-e5b1a861541243efa43922161ac876d7.r2.dev/products/ventilatori-aria/download-1.jpg","da associare manualmente"
"ventilatori-aria","download.jpe","https://pub-e5b1a861541243efa43922161ac876d7.r2.dev/products/ventilatori-aria/download.jpe","da associare manualmente"
"ventilatori-aria","f604696e-dc00-4800-91ea-87786a124214.jpg","https://pub-e5b1a861541243efa43922161ac876d7.r2.dev/products/ventilatori-aria/f604696e-dc00-4800-91ea-87786a124214.jpg","foto generica"
"ventilatori-aria","GOPR0055.jpg","https://pub-e5b1a861541243efa43922161ac876d7.r2.dev/products/ventilatori-aria/gopr0055.jpg","foto generica"
"ventilatori-aria","GOPR0058.jpg","https://pub-e5b1a861541243efa43922161ac876d7.r2.dev/products/ventilatori-aria/gopr0058.jpg","foto generica"
"ventilatori-aria","GOPR0195.jpg","https://pub-e5b1a861541243efa43922161ac876d7.r2.dev/products/ventilatori-aria/gopr0195.jpg","foto generica"
"ventilatori-aria","GOPR0211.jpg","https://pub-e5b1a861541243efa43922161ac876d7.r2.dev/products/ventilatori-aria/gopr0211.jpg","foto generica"
"ventilatori-aria","Tangenziale 27cm.jpg","https://pub-e5b1a861541243efa43922161ac876d7.r2.dev/products/ventilatori-aria/tangenziale-27cm.jpg","da associare manualmente"
"ventilatori-aria","Tangenziale 30cm.jpg","https://pub-e5b1a861541243efa43922161ac876d7.r2.dev/products/ventilatori-aria/tangenziale-30cm.jpg","da associare manualmente"
"ventilatori-aria","VENTILATORE TANGENZIALE (2).jpg","https://pub-e5b1a861541243efa43922161ac876d7.r2.dev/products/ventilatori-aria/ventilatore-tangenziale-2.jpg","da associare manualmente"
"ventilatori-aria","VENTILATORE TANGENZIALE.jpg","https://pub-e5b1a861541243efa43922161ac876d7.r2.dev/products/ventilatori-aria/ventilatore-tangenziale.jpg","da associare manualmente"
"ventilatori-aria","WhatsApp Image 2019-05-30 at 09.37.55.jpeg","https://pub-e5b1a861541243efa43922161ac876d7.r2.dev/products/ventilatori-aria/whatsapp-image-2019-05-30-at-09-37-55.jpeg","foto generica"
"ventilatori-aria","WhatsApp Image 2019-05-30 at 09.37.55333.jpeg","https://pub-e5b1a861541243efa43922161ac876d7.r2.dev/products/ventilatori-aria/whatsapp-image-2019-05-30-at-09-37-55333.jpeg","foto generica"
"ventilatori-aria","WhatsApp Image 2019-05-30 at 09.38.06.jpeg","https://pub-e5b1a861541243efa43922161ac876d7.r2.dev/products/ventilatori-aria/whatsapp-image-2019-05-30-at-09-38-06.jpeg","foto generica"
"ventilatori-aria","WhatsApp Image 2019-05-30 at 09.38.15.jpeg","https://pub-e5b1a861541243efa43922161ac876d7.r2.dev/products/ventilatori-aria/whatsapp-image-2019-05-30-at-09-38-15.jpeg","foto generica"
"ventilatori-aria","WhatsApp Image 2019-05-30 at 09.38.23.jpeg","https://pub-e5b1a861541243efa43922161ac876d7.r2.dev/products/ventilatori-aria/whatsapp-image-2019-05-30-at-09-38-23.jpeg","foto generica"
"ventilatori-aria","WhatsApp Image 2023-10-10 at 16.55.54 (1).jpeg","https://pub-e5b1a861541243efa43922161ac876d7.r2.dev/products/ventilatori-aria/whatsapp-image-2023-10-10-at-16-55-54-1.jpeg","foto generica"
"ventilatori-aria","WhatsApp Image 2023-10-10 at 16.55.54.jpeg","https://pub-e5b1a861541243efa43922161ac876d7.r2.dev/products/ventilatori-aria/whatsapp-image-2023-10-10-at-16-55-54.jpeg","foto generica"
"ventilatori-fumi","20180329_111822.jpg","https://pub-e5b1a861541243efa43922161ac876d7.r2.dev/products/ventilatori-fumi/20180329-111822.jpg","da associare manualmente"
"ventilatori-fumi","20180329_111825.jpg","https://pub-e5b1a861541243efa43922161ac876d7.r2.dev/products/ventilatori-fumi/20180329-111825.jpg","da associare manualmente"
"ventilatori-fumi","20180329_111847.jpg","https://pub-e5b1a861541243efa43922161ac876d7.r2.dev/products/ventilatori-fumi/20180329-111847.jpg","da associare manualmente"
"ventilatori-fumi","20230905_173330.jpg","https://pub-e5b1a861541243efa43922161ac876d7.r2.dev/products/ventilatori-fumi/20230905-173330.jpg","da associare manualmente"
"ventilatori-fumi","20230905_173357.jpg","https://pub-e5b1a861541243efa43922161ac876d7.r2.dev/products/ventilatori-fumi/20230905-173357.jpg","da associare manualmente"
"ventilatori-fumi","20230905_173455.jpg","https://pub-e5b1a861541243efa43922161ac876d7.r2.dev/products/ventilatori-fumi/20230905-173455.jpg","da associare manualmente"
"ventilatori-fumi","2e3b3b8f-1240-4234-985e-e86976356097 - Copia.jpg","https://pub-e5b1a861541243efa43922161ac876d7.r2.dev/products/ventilatori-fumi/2e3b3b8f-1240-4234-985e-e86976356097-copia.jpg","foto generica"
"ventilatori-fumi","2e3b3b8f-1240-4234-985e-e86976356097.jpg","https://pub-e5b1a861541243efa43922161ac876d7.r2.dev/products/ventilatori-fumi/2e3b3b8f-1240-4234-985e-e86976356097.jpg","foto generica"
"ventilatori-fumi","3258845f-28f0-41ed-9ee4-ccbeb4986adc.jpg","https://pub-e5b1a861541243efa43922161ac876d7.r2.dev/products/ventilatori-fumi/3258845f-28f0-41ed-9ee4-ccbeb4986adc.jpg","foto generica"
"ventilatori-fumi","951002911-1.jpg","https://pub-e5b1a861541243efa43922161ac876d7.r2.dev/products/ventilatori-fumi/951002911-1.jpg","da associare manualmente"
"ventilatori-fumi","951002911.jpg","https://pub-e5b1a861541243efa43922161ac876d7.r2.dev/products/ventilatori-fumi/951002911.jpg","solo numero"
"ventilatori-fumi","9510044000.jpg","https://pub-e5b1a861541243efa43922161ac876d7.r2.dev/products/ventilatori-fumi/9510044000.jpg","solo numero"
"ventilatori-fumi","951089900.JPG","https://pub-e5b1a861541243efa43922161ac876d7.r2.dev/products/ventilatori-fumi/951089900.jpg","solo numero"
"ventilatori-fumi","BLH2A150201.jpg","https://pub-e5b1a861541243efa43922161ac876d7.r2.dev/products/ventilatori-fumi/blh2a150201.jpg","da associare manualmente"
"ventilatori-fumi","Foto.png","https://pub-e5b1a861541243efa43922161ac876d7.r2.dev/products/ventilatori-fumi/foto.png","da associare manualmente"
"ventilatori-fumi","Foto1.png","https://pub-e5b1a861541243efa43922161ac876d7.r2.dev/products/ventilatori-fumi/foto1.png","da associare manualmente"
"ventilatori-fumi","Foto2.png","https://pub-e5b1a861541243efa43922161ac876d7.r2.dev/products/ventilatori-fumi/foto2.png","da associare manualmente"
"ventilatori-fumi","GOPR0040 (2).JPG","https://pub-e5b1a861541243efa43922161ac876d7.r2.dev/products/ventilatori-fumi/gopr0040-2.jpg","foto generica"
"ventilatori-fumi","GOPR0043 (2).JPG","https://pub-e5b1a861541243efa43922161ac876d7.r2.dev/products/ventilatori-fumi/gopr0043-2.jpg","foto generica"
"ventilatori-fumi","GOPR0059.jpg","https://pub-e5b1a861541243efa43922161ac876d7.r2.dev/products/ventilatori-fumi/gopr0059.jpg","foto generica"
"ventilatori-fumi","GOPR0094.jpg","https://pub-e5b1a861541243efa43922161ac876d7.r2.dev/products/ventilatori-fumi/gopr0094.jpg","foto generica"
"ventilatori-fumi","GOPR0206.jpg","https://pub-e5b1a861541243efa43922161ac876d7.r2.dev/products/ventilatori-fumi/gopr0206.jpg","foto generica"
"ventilatori-fumi","GOPR0209.jpg","https://pub-e5b1a861541243efa43922161ac876d7.r2.dev/products/ventilatori-fumi/gopr0209.jpg","foto generica"
"ventilatori-fumi","IMG_1138.jpg","https://pub-e5b1a861541243efa43922161ac876d7.r2.dev/products/ventilatori-fumi/img-1138.jpg","foto generica"
"ventilatori-fumi","IMG_1140.jpg","https://pub-e5b1a861541243efa43922161ac876d7.r2.dev/products/ventilatori-fumi/img-1140.jpg","foto generica"
"ventilatori-fumi","IMG_20160928_170844.jpg","https://pub-e5b1a861541243efa43922161ac876d7.r2.dev/products/ventilatori-fumi/img-20160928-170844.jpg","foto generica"
"ventilatori-fumi","IMG_20160928_170927.jpg","https://pub-e5b1a861541243efa43922161ac876d7.r2.dev/products/ventilatori-fumi/img-20160928-170927.jpg","foto generica"
"ventilatori-fumi","IMG_20160928_170939.jpg","https://pub-e5b1a861541243efa43922161ac876d7.r2.dev/products/ventilatori-fumi/img-20160928-170939.jpg","foto generica"
"ventilatori-fumi","VENTILATORE FUMI EBM SENZA ENCODER (2).jpg","https://pub-e5b1a861541243efa43922161ac876d7.r2.dev/products/ventilatori-fumi/ventilatore-fumi-ebm-senza-encoder-2.jpg","da associare manualmente"
"ventilatori-fumi","VENTILATORE FUMI EBM SENZA ENCODER.jpg","https://pub-e5b1a861541243efa43922161ac876d7.r2.dev/products/ventilatori-fumi/ventilatore-fumi-ebm-senza-encoder.jpg","da associare manualmente"
"ventilatori-fumi","ventilatore-fumi-ebm-senza-encoder (1).jpg","https://pub-e5b1a861541243efa43922161ac876d7.r2.dev/products/ventilatori-fumi/ventilatore-fumi-ebm-senza-encoder-1.jpg","da associare manualmente"
"ventilatori-fumi","ventilatore-fumi-ebm.jpg","https://pub-e5b1a861541243efa43922161ac876d7.r2.dev/products/ventilatori-fumi/ventilatore-fumi-ebm.jpg","da associare manualmente"