Immagine,R2 URL,Prodotto ID,Prodotto Nome,SKU,Match Type,Confidence
"ASPIRACENERE A&D CERVINO.jpg","https://pub-e5b1a861541243efa43922161ac876d7.r2.dev/products/accessori/aspiracenere-a-d-cervino.jpg","","","","unmatched","none"
"bidone-aspiracenere-800w-18lt-tubo-in-acciaio-stufa-pellet-camino-casa-ad5123-P-276869-865864_1.jpg","https://pub-e5b1a861541243efa43922161ac876d7.r2.dev/products/accessori/bidone-aspiracenere-800w-18lt-tubo-in-acciaio-stufa-pellet-camino-casa-ad5123-p-276869-865864-1.jpg","","","","unmatched","none"
"bidone-aspiracenere-800w-18lt-tubo-in-acciaio-stufa-pellet-camino-casa-ad5123-P-276869-865864_2.jpg","https://pub-e5b1a861541243efa43922161ac876d7.r2.dev/products/accessori/bidone-aspiracenere-800w-18lt-tubo-in-acciaio-stufa-pellet-camino-casa-ad5123-p-276869-865864-2.jpg","","","","unmatched","none"
"bidone-aspiracenere-800w-18lt-tubo-in-acciaio-stufa-pellet-camino-casa-ad5123-P-276869-865864_3.jpg","https://pub-e5b1a861541243efa43922161ac876d7.r2.dev/products/accessori/bidone-aspiracenere-800w-18lt-tubo-in-acciaio-stufa-pellet-camino-casa-ad5123-p-276869-865864-3.jpg","","","","unmatched","none"
"Flangia aspirazione Cerino-Prezzemolo 2.jpg","https://pub-e5b1a861541243efa43922161ac876d7.r2.dev/products/accessori/flangia-aspirazione-cerino-prezzemolo-2.jpg","","","","unmatched","none"
"Flangia aspirazione Cerino-Prezzemolo.jpg","https://pub-e5b1a861541243efa43922161ac876d7.r2.dev/products/accessori/flangia-aspirazione-cerino-prezzemolo.jpg","","","","unmatched","none"
"GOPR0034 (2).JPG","https://pub-e5b1a861541243efa43922161ac876d7.r2.dev/products/accessori/gopr0034-2.jpg","","","","unmatched","none"
"GOPR0035 (2).JPG","https://pub-e5b1a861541243efa43922161ac876d7.r2.dev/products/accessori/gopr0035-2.jpg","","","","unmatched","none"
"GOPR0042 (2).JPG","https://pub-e5b1a861541243efa43922161ac876d7.r2.dev/products/accessori/gopr0042-2.jpg","","","","unmatched","none"
"GOPR0045.jpg","https://pub-e5b1a861541243efa43922161ac876d7.r2.dev/products/accessori/gopr0045.jpg","","","","unmatched","none"
"GOPR0059.jpg","https://pub-e5b1a861541243efa43922161ac876d7.r2.dev/products/accessori/gopr0059.jpg","","","","unmatched","none"
"GOPR0078.jpg","https://pub-e5b1a861541243efa43922161ac876d7.r2.dev/products/accessori/gopr0078.jpg","","","","unmatched","none"
"GOPR0173_1571391072955_high.JPG","https://pub-e5b1a861541243efa43922161ac876d7.r2.dev/products/accessori/gopr0173-1571391072955-high.jpg","","","","unmatched","none"
"GOPR0174_1571391072955_high.JPG","https://pub-e5b1a861541243efa43922161ac876d7.r2.dev/products/accessori/gopr0174-1571391072955-high.jpg","","","","unmatched","none"
"GOPR0175_1571391072955_high.JPG","https://pub-e5b1a861541243efa43922161ac876d7.r2.dev/products/accessori/gopr0175-1571391072955-high.jpg","","","","unmatched","none"
"WhatsApp Image 2018-01-10 at 09.36.44.jpeg","https://pub-e5b1a861541243efa43922161ac876d7.r2.dev/products/accessori/whatsapp-image-2018-01-10-at-09-36-44.jpeg","","","","unmatched","none"
"WhatsApp Image 2019-05-29 at 09.25.55 (2).jpeg","https://pub-e5b1a861541243efa43922161ac876d7.r2.dev/products/accessori/whatsapp-image-2019-05-29-at-09-25-55-2.jpeg","","","","unmatched","none"
"WhatsApp Image 2019-05-29 at 11.03.48 (2).jpeg","https://pub-e5b1a861541243efa43922161ac876d7.r2.dev/products/accessori/whatsapp-image-2019-05-29-at-11-03-48-2.jpeg","","","","unmatched","none"
"Wi fi modul.jpg","https://pub-e5b1a861541243efa43922161ac876d7.r2.dev/products/accessori/wi-fi-modul.jpg","","","","unmatched","none"
"wifi duepi 2.jpeg","https://pub-e5b1a861541243efa43922161ac876d7.r2.dev/products/accessori/wifi-duepi-2.jpeg","177","MODULO WIFI DUEPI","NULL","name-partial","low"
"wifi duepi.jpeg","https://pub-e5b1a861541243efa43922161ac876d7.r2.dev/products/accessori/wifi-duepi.jpeg","177","MODULO WIFI DUEPI","NULL","name-partial","low"
"1.jpeg","https://pub-e5b1a861541243efa43922161ac876d7.r2.dev/products/bracieri-camere-combustione/1.jpeg","","","","unmatched","none"
"2.jpeg","https://pub-e5b1a861541243efa43922161ac876d7.r2.dev/products/bracieri-camere-combustione/2.jpeg","","","","unmatched","none"
"20200727_095229.jpg","https://pub-e5b1a861541243efa43922161ac876d7.r2.dev/products/bracieri-camere-combustione/20200727-095229.jpg","","","","unmatched","none"
"20231122_105152.jpg","https://pub-e5b1a861541243efa43922161ac876d7.r2.dev/products/bracieri-camere-combustione/20231122-105152.jpg","","","","unmatched","none"
"20231122_105203.jpg","https://pub-e5b1a861541243efa43922161ac876d7.r2.dev/products/bracieri-camere-combustione/20231122-105203.jpg","","","","unmatched","none"
"20260303_104311.jpg","https://pub-e5b1a861541243efa43922161ac876d7.r2.dev/products/bracieri-camere-combustione/20260303-104311.jpg","","","","unmatched","none"
"20260303_104316.jpg","https://pub-e5b1a861541243efa43922161ac876d7.r2.dev/products/bracieri-camere-combustione/20260303-104316.jpg","","","","unmatched","none"
"20260303_104320.jpg","https://pub-e5b1a861541243efa43922161ac876d7.r2.dev/products/bracieri-camere-combustione/20260303-104320.jpg","","","","unmatched","none"
"20260303_104326.jpg","https://pub-e5b1a861541243efa43922161ac876d7.r2.dev/products/bracieri-camere-combustione/20260303-104326.jpg","","","","unmatched","none"
"257.jpg","https://pub-e5b1a861541243efa43922161ac876d7.r2.dev/products/bracieri-camere-combustione/257.jpg","","","","unmatched","none"
"3.jpeg","https://pub-e5b1a861541243efa43922161ac876d7.r2.dev/products/bracieri-camere-combustione/3.jpeg","","","","unmatched","none"
"35befe37-bf5d-4303-aef7-97fec7f2fd64.jpg","https://pub-e5b1a861541243efa43922161ac876d7.r2.dev/products/bracieri-camere-combustione/35befe37-bf5d-4303-aef7-97fec7f2fd64.jpg","","","","unmatched","none"
"362 (2).jpg","https://pub-e5b1a861541243efa43922161ac876d7.r2.dev/products/bracieri-camere-combustione/362-2.jpg","","","","unmatched","none"
"362.jpg","https://pub-e5b1a861541243efa43922161ac876d7.r2.dev/products/bracieri-camere-combustione/362.jpg","","","","unmatched","none"
"364 (2).jpg","https://pub-e5b1a861541243efa43922161ac876d7.r2.dev/products/bracieri-camere-combustione/364-2.jpg","","","","unmatched","none"
"364.jpg","https://pub-e5b1a861541243efa43922161ac876d7.r2.dev/products/bracieri-camere-combustione/364.jpg","","","","unmatched","none"
"365.jpg","https://pub-e5b1a861541243efa43922161ac876d7.r2.dev/products/bracieri-camere-combustione/365.jpg","","","","unmatched","none"
"434.jpg","https://pub-e5b1a861541243efa43922161ac876d7.r2.dev/products/bracieri-camere-combustione/434.jpg","","","","unmatched","none"
"44.jpeg","https://pub-e5b1a861541243efa43922161ac876d7.r2.dev/products/bracieri-camere-combustione/44.jpeg","","","","unmatched","none"
"50f42281-c126-42c0-a758-8a01e019a872.jpg","https://pub-e5b1a861541243efa43922161ac876d7.r2.dev/products/bracieri-camere-combustione/50f42281-c126-42c0-a758-8a01e019a872.jpg","","","","unmatched","none"
"62.jpeg","https://pub-e5b1a861541243efa43922161ac876d7.r2.dev/products/bracieri-camere-combustione/62.jpeg","","","","unmatched","none"
"64163bb5-8ea5-428e-83b8-e8d4a6585d2b.jpg","https://pub-e5b1a861541243efa43922161ac876d7.r2.dev/products/bracieri-camere-combustione/64163bb5-8ea5-428e-83b8-e8d4a6585d2b.jpg","","","","unmatched","none"
"715665a9-354d-4960-901e-cb01f1e8362e.jpg","https://pub-e5b1a861541243efa43922161ac876d7.r2.dev/products/bracieri-camere-combustione/715665a9-354d-4960-901e-cb01f1e8362e.jpg","","","","unmatched","none"
"77.jpg","https://pub-e5b1a861541243efa43922161ac876d7.r2.dev/products/bracieri-camere-combustione/77.jpg","","","","unmatched","none"
"7b3ffc43-36c0-4442-ba4e-2eff2d9a3540.jpg","https://pub-e5b1a861541243efa43922161ac876d7.r2.dev/products/bracieri-camere-combustione/7b3ffc43-36c0-4442-ba4e-2eff2d9a3540.jpg","","","","unmatched","none"
"8dbdf62f-36b9-4191-8beb-5a9a13c5b975.jpg","https://pub-e5b1a861541243efa43922161ac876d7.r2.dev/products/bracieri-camere-combustione/8dbdf62f-36b9-4191-8beb-5a9a13c5b975.jpg","","","","unmatched","none"
"9013159800-1.jpeg","https://pub-e5b1a861541243efa43922161ac876d7.r2.dev/products/bracieri-camere-combustione/9013159800-1.jpeg","","","","unmatched","none"
"9013159800.jpeg","https://pub-e5b1a861541243efa43922161ac876d7.r2.dev/products/bracieri-camere-combustione/9013159800.jpeg","","","","unmatched","none"
"91f0045c-948a-431d-91f2-607f58e26498.jpg","https://pub-e5b1a861541243efa43922161ac876d7.r2.dev/products/bracieri-camere-combustione/91f0045c-948a-431d-91f2-607f58e26498.jpg","","","","unmatched","none"
"a3a22d8b-5f81-4a00-a1d2-06e63dda0ac8 (2).jpg","https://pub-e5b1a861541243efa43922161ac876d7.r2.dev/products/bracieri-camere-combustione/a3a22d8b-5f81-4a00-a1d2-06e63dda0ac8-2.jpg","","","","unmatched","none"
"a3a22d8b-5f81-4a00-a1d2-06e63dda0ac8.jpg","https://pub-e5b1a861541243efa43922161ac876d7.r2.dev/products/bracieri-camere-combustione/a3a22d8b-5f81-4a00-a1d2-06e63dda0ac8.jpg","","","","unmatched","none"
"BRACIERE 11-13KW INOX 2.jpg","https://pub-e5b1a861541243efa43922161ac876d7.r2.dev/products/bracieri-camere-combustione/braciere-11-13kw-inox-2.jpg","","","","unmatched","none"
"BRACIERE 11-13KW INOX 3.jpg","https://pub-e5b1a861541243efa43922161ac876d7.r2.dev/products/bracieri-camere-combustione/braciere-11-13kw-inox-3.jpg","","","","unmatched","none"
"BRACIERE 11-13KW INOX.jpg","https://pub-e5b1a861541243efa43922161ac876d7.r2.dev/products/bracieri-camere-combustione/braciere-11-13kw-inox.jpg","","","","unmatched","none"
"BRACIERE 4KW 2.jpeg","https://pub-e5b1a861541243efa43922161ac876d7.r2.dev/products/bracieri-camere-combustione/braciere-4kw-2.jpeg","175","BRACIERE IN GHISA ","NULL","name-partial","low"
"BRACIERE 4KW 3.jpeg","https://pub-e5b1a861541243efa43922161ac876d7.r2.dev/products/bracieri-camere-combustione/braciere-4kw-3.jpeg","175","BRACIERE IN GHISA ","NULL","name-partial","low"
"BRACIERE 6 KW 2.jpeg","https://pub-e5b1a861541243efa43922161ac876d7.r2.dev/products/bracieri-camere-combustione/braciere-6-kw-2.jpeg","175","BRACIERE IN GHISA ","NULL","name-partial","low"
"BRACIERE 6 KW 3.jpeg","https://pub-e5b1a861541243efa43922161ac876d7.r2.dev/products/bracieri-camere-combustione/braciere-6-kw-3.jpeg","175","BRACIERE IN GHISA ","NULL","name-partial","low"
"BRACIERE 6 KW 5.jpeg","https://pub-e5b1a861541243efa43922161ac876d7.r2.dev/products/bracieri-camere-combustione/braciere-6-kw-5.jpeg","175","BRACIERE IN GHISA ","NULL","name-partial","low"
"BRACIERE 6 KW.jpeg","https://pub-e5b1a861541243efa43922161ac876d7.r2.dev/products/bracieri-camere-combustione/braciere-6-kw.jpeg","175","BRACIERE IN GHISA ","NULL","name-partial","low"
"BRACIERE 6 KW4.jpeg","https://pub-e5b1a861541243efa43922161ac876d7.r2.dev/products/bracieri-camere-combustione/braciere-6-kw4.jpeg","175","BRACIERE IN GHISA ","NULL","name-partial","low"
"BRACIERE 8 (9) KW 2.jpeg","https://pub-e5b1a861541243efa43922161ac876d7.r2.dev/products/bracieri-camere-combustione/braciere-8-9-kw-2.jpeg","175","BRACIERE IN GHISA ","NULL","name-partial","low"
"BRACIERE 8 (9) KW 3.jpeg","https://pub-e5b1a861541243efa43922161ac876d7.r2.dev/products/bracieri-camere-combustione/braciere-8-9-kw-3.jpeg","175","BRACIERE IN GHISA ","NULL","name-partial","low"
"BRACIERE 8 (9) KW 4.jpeg","https://pub-e5b1a861541243efa43922161ac876d7.r2.dev/products/bracieri-camere-combustione/braciere-8-9-kw-4.jpeg","175","BRACIERE IN GHISA ","NULL","name-partial","low"
"BRACIERE 8 (9) KW.jpeg","https://pub-e5b1a861541243efa43922161ac876d7.r2.dev/products/bracieri-camere-combustione/braciere-8-9-kw.jpeg","175","BRACIERE IN GHISA ","NULL","name-partial","low"
"BRACIERE 9KW SLIM 3.jpg","https://pub-e5b1a861541243efa43922161ac876d7.r2.dev/products/bracieri-camere-combustione/braciere-9kw-slim-3.jpg","","","","unmatched","none"
"BRACIERE 9KW SLIM.jpg","https://pub-e5b1a861541243efa43922161ac876d7.r2.dev/products/bracieri-camere-combustione/braciere-9kw-slim.jpg","","","","unmatched","none"
"Braciere Adler-Ecotek-Campbel 2.jpg","https://pub-e5b1a861541243efa43922161ac876d7.r2.dev/products/bracieri-camere-combustione/braciere-adler-ecotek-campbel-2.jpg","","","","unmatched","none"
"Braciere Adler-Ecotek-Campbel 3.jpg","https://pub-e5b1a861541243efa43922161ac876d7.r2.dev/products/bracieri-camere-combustione/braciere-adler-ecotek-campbel-3.jpg","","","","unmatched","none"
"Braciere Adler-Ecotek-Campbel.jpg","https://pub-e5b1a861541243efa43922161ac876d7.r2.dev/products/bracieri-camere-combustione/braciere-adler-ecotek-campbel.jpg","","","","unmatched","none"
"BRACIERE ANDREA-TOMMY NEW.jpg","https://pub-e5b1a861541243efa43922161ac876d7.r2.dev/products/bracieri-camere-combustione/braciere-andrea-tommy-new.jpg","","","","unmatched","none"
"BRACIERE COMPLETO STUFE 6-7-8KW ANITA-EDDY-ANNA.jpg","https://pub-e5b1a861541243efa43922161ac876d7.r2.dev/products/bracieri-camere-combustione/braciere-completo-stufe-6-7-8kw-anita-eddy-anna.jpg","40","BRACIERE COMPLETO STUFE 6-7-8KW ANITA-EDDY-ANNA","NULL","name-exact","high"
"BRACIERE IN GHISA (2).jpg","https://pub-e5b1a861541243efa43922161ac876d7.r2.dev/products/bracieri-camere-combustione/braciere-in-ghisa-2.jpg","175","BRACIERE IN GHISA ","NULL","name-exact","high"
"BRACIERE IN GHISA.jpg","https://pub-e5b1a861541243efa43922161ac876d7.r2.dev/products/bracieri-camere-combustione/braciere-in-ghisa.jpg","175","BRACIERE IN GHISA ","NULL","name-exact","high"
"BRACIERE STUFE 8-11 KW.jpg","https://pub-e5b1a861541243efa43922161ac876d7.r2.dev/products/bracieri-camere-combustione/braciere-stufe-8-11-kw.jpg","175","BRACIERE IN GHISA ","NULL","name-partial","low"
"BRACIERE SUSY-PERLA-CATRIA EVACALOR (2).jpg","https://pub-e5b1a861541243efa43922161ac876d7.r2.dev/products/bracieri-camere-combustione/braciere-susy-perla-catria-evacalor-2.jpg","56","BRACIERE SUSY-PERLA 7,5 KW EVACALOR","NULL","name-partial","medium"
"BRACIERE SUSY-PERLA-CATRIA EVACALOR.jpg","https://pub-e5b1a861541243efa43922161ac876d7.r2.dev/products/bracieri-camere-combustione/braciere-susy-perla-catria-evacalor.jpg","56","BRACIERE SUSY-PERLA 7,5 KW EVACALOR","NULL","name-partial","medium"
"d3ac78a4-de77-40d3-9d0e-7dfa280d89c1.jpg","https://pub-e5b1a861541243efa43922161ac876d7.r2.dev/products/bracieri-camere-combustione/d3ac78a4-de77-40d3-9d0e-7dfa280d89c1.jpg","","","","unmatched","none"
"f0c03a5e-bc79-48b9-b785-90b78e6311a4.jpg","https://pub-e5b1a861541243efa43922161ac876d7.r2.dev/products/bracieri-camere-combustione/f0c03a5e-bc79-48b9-b785-90b78e6311a4.jpg","","","","unmatched","none"
"FONDO CAMERA COMBUSTIONE.jpg","https://pub-e5b1a861541243efa43922161ac876d7.r2.dev/products/bracieri-camere-combustione/fondo-camera-combustione.jpg","","","","unmatched","none"
"GOPR0065.jpg","https://pub-e5b1a861541243efa43922161ac876d7.r2.dev/products/bracieri-camere-combustione/gopr0065.jpg","","","","unmatched","none"
"GOPR0067.jpg","https://pub-e5b1a861541243efa43922161ac876d7.r2.dev/products/bracieri-camere-combustione/gopr0067.jpg","","","","unmatched","none"
"GOPR0083.jpg","https://pub-e5b1a861541243efa43922161ac876d7.r2.dev/products/bracieri-camere-combustione/gopr0083.jpg","","","","unmatched","none"
"GOPR0085.jpg","https://pub-e5b1a861541243efa43922161ac876d7.r2.dev/products/bracieri-camere-combustione/gopr0085.jpg","","","","unmatched","none"
"GOPR0086.jpg","https://pub-e5b1a861541243efa43922161ac876d7.r2.dev/products/bracieri-camere-combustione/gopr0086.jpg","","","","unmatched","none"
"GOPR0088.jpg","https://pub-e5b1a861541243efa43922161ac876d7.r2.dev/products/bracieri-camere-combustione/gopr0088.jpg","","","","unmatched","none"
"GOPR0135.JPG","https://pub-e5b1a861541243efa43922161ac876d7.r2.dev/products/bracieri-camere-combustione/gopr0135.jpg","","","","unmatched","none"
"GOPR0137.JPG","https://pub-e5b1a861541243efa43922161ac876d7.r2.dev/products/bracieri-camere-combustione/gopr0137.jpg","","","","unmatched","none"
"GOPR0138.JPG","https://pub-e5b1a861541243efa43922161ac876d7.r2.dev/products/bracieri-camere-combustione/gopr0138.jpg","","","","unmatched","none"
"GOPR0141.JPG","https://pub-e5b1a861541243efa43922161ac876d7.r2.dev/products/bracieri-camere-combustione/gopr0141.jpg","","","","unmatched","none"
"GOPR0142.JPG","https://pub-e5b1a861541243efa43922161ac876d7.r2.dev/products/bracieri-camere-combustione/gopr0142.jpg","","","","unmatched","none"
"GOPR0143.JPG","https://pub-e5b1a861541243efa43922161ac876d7.r2.dev/products/bracieri-camere-combustione/gopr0143.jpg","","","","unmatched","none"
"GOPR0145.JPG","https://pub-e5b1a861541243efa43922161ac876d7.r2.dev/products/bracieri-camere-combustione/gopr0145.jpg","","","","unmatched","none"
"GOPR0153.JPG","https://pub-e5b1a861541243efa43922161ac876d7.r2.dev/products/bracieri-camere-combustione/gopr0153.jpg","","","","unmatched","none"
"GOPR0154.JPG","https://pub-e5b1a861541243efa43922161ac876d7.r2.dev/products/bracieri-camere-combustione/gopr0154.jpg","","","","unmatched","none"
"GOPR0157.JPG","https://pub-e5b1a861541243efa43922161ac876d7.r2.dev/products/bracieri-camere-combustione/gopr0157.jpg","","","","unmatched","none"
"GOPR0158.JPG","https://pub-e5b1a861541243efa43922161ac876d7.r2.dev/products/bracieri-camere-combustione/gopr0158.jpg","","","","unmatched","none"
"GOPR0160.JPG","https://pub-e5b1a861541243efa43922161ac876d7.r2.dev/products/bracieri-camere-combustione/gopr0160.jpg","","","","unmatched","none"
"GRIGLIA ACCIAO BRACIERE.jpg","https://pub-e5b1a861541243efa43922161ac876d7.r2.dev/products/bracieri-camere-combustione/griglia-acciao-braciere.jpg","41","GRIGLIA ACCIAO BRACIERE","NULL","name-exact","high"
"Misure Braciere 2.png","https://pub-e5b1a861541243efa43922161ac876d7.r2.dev/products/bracieri-camere-combustione/misure-braciere-2.png","175","BRACIERE IN GHISA ","NULL","name-partial","low"
"Misure Braciere.png","https://pub-e5b1a861541243efa43922161ac876d7.r2.dev/products/bracieri-camere-combustione/misure-braciere.png","175","BRACIERE IN GHISA ","NULL","name-partial","low"
"PARAFIAMMA HYDRO 2.jpeg","https://pub-e5b1a861541243efa43922161ac876d7.r2.dev/products/bracieri-camere-combustione/parafiamma-hydro-2.jpeg","98","PARAFIAMMA STUFE HYDRO","NULL","name-partial","low"
"PARAFIAMMA HYDRO.jpeg","https://pub-e5b1a861541243efa43922161ac876d7.r2.dev/products/bracieri-camere-combustione/parafiamma-hydro.jpeg","98","PARAFIAMMA STUFE HYDRO","NULL","name-partial","low"
"parete idro lam..jpg","https://pub-e5b1a861541243efa43922161ac876d7.r2.dev/products/bracieri-camere-combustione/parete-idro-lam.jpg","","","","unmatched","none"
"product_mini_87_1.jpg","https://pub-e5b1a861541243efa43922161ac876d7.r2.dev/products/bracieri-camere-combustione/product-mini-87-1.jpg","","","","unmatched","none"
"WhatsApp Image 2017-07-06 at 16.24.53.jpeg","https://pub-e5b1a861541243efa43922161ac876d7.r2.dev/products/bracieri-camere-combustione/whatsapp-image-2017-07-06-at-16-24-53.jpeg","","","","unmatched","none"
"WhatsApp Image 2017-07-06 at 16.24.55.jpeg","https://pub-e5b1a861541243efa43922161ac876d7.r2.dev/products/bracieri-camere-combustione/whatsapp-image-2017-07-06-at-16-24-55.jpeg","","","","unmatched","none"
"WhatsApp Image 2017-07-06 at 16.24.57.jpeg","https://pub-e5b1a861541243efa43922161ac876d7.r2.dev/products/bracieri-camere-combustione/whatsapp-image-2017-07-06-at-16-24-57.jpeg","","","","unmatched","none"
"WhatsApp Image 2017-07-06 at 16.24.58.jpeg","https://pub-e5b1a861541243efa43922161ac876d7.r2.dev/products/bracieri-camere-combustione/whatsapp-image-2017-07-06-at-16-24-58.jpeg","","","","unmatched","none"
"WhatsApp Image 2017-07-06 at 16.25.01.jpeg","https://pub-e5b1a861541243efa43922161ac876d7.r2.dev/products/bracieri-camere-combustione/whatsapp-image-2017-07-06-at-16-25-01.jpeg","","","","unmatched","none"
"WhatsApp Image 2017-07-06 at 16.25.02.jpeg","https://pub-e5b1a861541243efa43922161ac876d7.r2.dev/products/bracieri-camere-combustione/whatsapp-image-2017-07-06-at-16-25-02.jpeg","","","","unmatched","none"
"WhatsApp Image 2017-07-06 at 16.25.03.jpeg","https://pub-e5b1a861541243efa43922161ac876d7.r2.dev/products/bracieri-camere-combustione/whatsapp-image-2017-07-06-at-16-25-03.jpeg","","","","unmatched","none"
"WhatsApp Image 2017-07-06 at 16.25.04.jpeg","https://pub-e5b1a861541243efa43922161ac876d7.r2.dev/products/bracieri-camere-combustione/whatsapp-image-2017-07-06-at-16-25-04.jpeg","","","","unmatched","none"
"WhatsApp Image 2017-07-06 at 16.25.05.jpeg","https://pub-e5b1a861541243efa43922161ac876d7.r2.dev/products/bracieri-camere-combustione/whatsapp-image-2017-07-06-at-16-25-05.jpeg","","","","unmatched","none"
"WhatsApp Image 2017-07-27 at 09.16.04.jpeg","https://pub-e5b1a861541243efa43922161ac876d7.r2.dev/products/bracieri-camere-combustione/whatsapp-image-2017-07-27-at-09-16-04.jpeg","","","","unmatched","none"
"WhatsApp Image 2017-07-27 at 09.16.07.jpeg","https://pub-e5b1a861541243efa43922161ac876d7.r2.dev/products/bracieri-camere-combustione/whatsapp-image-2017-07-27-at-09-16-07.jpeg","","","","unmatched","none"
"WhatsApp Image 2017-07-27 at 09.16.13.jpeg","https://pub-e5b1a861541243efa43922161ac876d7.r2.dev/products/bracieri-camere-combustione/whatsapp-image-2017-07-27-at-09-16-13.jpeg","","","","unmatched","none"
"WhatsApp Image 2019-05-29 at 16.50.53 (1).jpeg","https://pub-e5b1a861541243efa43922161ac876d7.r2.dev/products/bracieri-camere-combustione/whatsapp-image-2019-05-29-at-16-50-53-1.jpeg","","","","unmatched","none"
"WhatsApp Image 2019-05-29 at 16.50.53 (2).jpeg","https://pub-e5b1a861541243efa43922161ac876d7.r2.dev/products/bracieri-camere-combustione/whatsapp-image-2019-05-29-at-16-50-53-2.jpeg","","","","unmatched","none"
"WhatsApp Image 2019-05-29 at 16.50.53.jpeg","https://pub-e5b1a861541243efa43922161ac876d7.r2.dev/products/bracieri-camere-combustione/whatsapp-image-2019-05-29-at-16-50-53.jpeg","","","","unmatched","none"
"WhatsApp Image 2019-05-29 at 16.50.54 (3).jpeg","https://pub-e5b1a861541243efa43922161ac876d7.r2.dev/products/bracieri-camere-combustione/whatsapp-image-2019-05-29-at-16-50-54-3.jpeg","","","","unmatched","none"
"WhatsApp Image 2019-05-29 at 16.50.54 (4).jpeg","https://pub-e5b1a861541243efa43922161ac876d7.r2.dev/products/bracieri-camere-combustione/whatsapp-image-2019-05-29-at-16-50-54-4.jpeg","","","","unmatched","none"
"WhatsApp Image 2019-05-29 at 16.50.54.jpeg","https://pub-e5b1a861541243efa43922161ac876d7.r2.dev/products/bracieri-camere-combustione/whatsapp-image-2019-05-29-at-16-50-54.jpeg","","","","unmatched","none"
"WhatsApp Image 2019-05-30 at 09.38.33.jpeg","https://pub-e5b1a861541243efa43922161ac876d7.r2.dev/products/bracieri-camere-combustione/whatsapp-image-2019-05-30-at-09-38-33.jpeg","","","","unmatched","none"
"WhatsApp Image 2019-05-30 at 09.38.40.jpeg","https://pub-e5b1a861541243efa43922161ac876d7.r2.dev/products/bracieri-camere-combustione/whatsapp-image-2019-05-30-at-09-38-40.jpeg","","","","unmatched","none"
"WhatsApp Image 2019-05-30 at 10.16.38.jpeg","https://pub-e5b1a861541243efa43922161ac876d7.r2.dev/products/bracieri-camere-combustione/whatsapp-image-2019-05-30-at-10-16-38.jpeg","","","","unmatched","none"
"WhatsApp Image 2019-10-17 at 11.29.36.jpeg","https://pub-e5b1a861541243efa43922161ac876d7.r2.dev/products/bracieri-camere-combustione/whatsapp-image-2019-10-17-at-11-29-36.jpeg","","","","unmatched","none"
"951044900 BOCCOLA PER COCLEA FEMMINA CON VITE E DADO.png","https://pub-e5b1a861541243efa43922161ac876d7.r2.dev/products/coclee/951044900-boccola-per-coclea-femmina-con-vite-e-dado.png","110","BOCCOLA PER COCLEA FEMMINA","NULL","name-partial","low"
"Coclea 10.jpeg","https://pub-e5b1a861541243efa43922161ac876d7.r2.dev/products/coclee/coclea-10.jpeg","","","","unmatched","none"
"Coclea 11.jpeg","https://pub-e5b1a861541243efa43922161ac876d7.r2.dev/products/coclee/coclea-11.jpeg","","","","unmatched","none"
"Coclea 12.jpeg","https://pub-e5b1a861541243efa43922161ac876d7.r2.dev/products/coclee/coclea-12.jpeg","","","","unmatched","none"
"Coclea 13.jpeg","https://pub-e5b1a861541243efa43922161ac876d7.r2.dev/products/coclee/coclea-13.jpeg","","","","unmatched","none"
"Coclea 14.jpeg","https://pub-e5b1a861541243efa43922161ac876d7.r2.dev/products/coclee/coclea-14.jpeg","","","","unmatched","none"
"Coclea 15.jpeg","https://pub-e5b1a861541243efa43922161ac876d7.r2.dev/products/coclee/coclea-15.jpeg","","","","unmatched","none"
"Coclea 16.jpeg","https://pub-e5b1a861541243efa43922161ac876d7.r2.dev/products/coclee/coclea-16.jpeg","","","","unmatched","none"
"Coclea 17.jpeg","https://pub-e5b1a861541243efa43922161ac876d7.r2.dev/products/coclee/coclea-17.jpeg","","","","unmatched","none"
"Coclea 2.jpeg","https://pub-e5b1a861541243efa43922161ac876d7.r2.dev/products/coclee/coclea-2.jpeg","","","","unmatched","none"
"Coclea 3.jpeg","https://pub-e5b1a861541243efa43922161ac876d7.r2.dev/products/coclee/coclea-3.jpeg","","","","unmatched","none"
"Coclea 4.jpeg","https://pub-e5b1a861541243efa43922161ac876d7.r2.dev/products/coclee/coclea-4.jpeg","","","","unmatched","none"
"Coclea 5.jpeg","https://pub-e5b1a861541243efa43922161ac876d7.r2.dev/products/coclee/coclea-5.jpeg","","","","unmatched","none"
"Coclea 6.jpeg","https://pub-e5b1a861541243efa43922161ac876d7.r2.dev/products/coclee/coclea-6.jpeg","","","","unmatched","none"
"Coclea 7.jpeg","https://pub-e5b1a861541243efa43922161ac876d7.r2.dev/products/coclee/coclea-7.jpeg","","","","unmatched","none"
"Coclea 8.jpeg","https://pub-e5b1a861541243efa43922161ac876d7.r2.dev/products/coclee/coclea-8.jpeg","","","","unmatched","none"
"Coclea 9.jpeg","https://pub-e5b1a861541243efa43922161ac876d7.r2.dev/products/coclee/coclea-9.jpeg","","","","unmatched","none"
"COCLEA ERIKA 1.png","https://pub-e5b1a861541243efa43922161ac876d7.r2.dev/products/coclee/coclea-erika-1.png","","","","unmatched","none"
"COCLEA ERIKA 2.png","https://pub-e5b1a861541243efa43922161ac876d7.r2.dev/products/coclee/coclea-erika-2.png","","","","unmatched","none"
"COCLEA ERIKA 3.png","https://pub-e5b1a861541243efa43922161ac876d7.r2.dev/products/coclee/coclea-erika-3.png","","","","unmatched","none"
"coclea-per-stufe-6-9-kw-slim-new-attacco-femmina.jpg","https://pub-e5b1a861541243efa43922161ac876d7.r2.dev/products/coclee/coclea-per-stufe-6-9-kw-slim-new-attacco-femmina.jpg","89","COCLEA PER STUFE 6-9 KW SLIM NEW ATTACCO FEMMINA","NULL","name-exact","high"
"Coclea.jpeg","https://pub-e5b1a861541243efa43922161ac876d7.r2.dev/products/coclee/coclea.jpeg","","","","unmatched","none"
"IMG_20191107_171026.jpg","https://pub-e5b1a861541243efa43922161ac876d7.r2.dev/products/coclee/img-20191107-171026.jpg","","","","unmatched","none"
"IMG_20191107_171030.jpg","https://pub-e5b1a861541243efa43922161ac876d7.r2.dev/products/coclee/img-20191107-171030.jpg","","","","unmatched","none"
"WhatsApp Image 2017-07-03 at 11.39.27.jpeg","https://pub-e5b1a861541243efa43922161ac876d7.r2.dev/products/coclee/whatsapp-image-2017-07-03-at-11-39-27.jpeg","","","","unmatched","none"
"WhatsApp Image 2017-07-06 at 10.21.09.jpeg","https://pub-e5b1a861541243efa43922161ac876d7.r2.dev/products/coclee/whatsapp-image-2017-07-06-at-10-21-09.jpeg","","","","unmatched","none"
"WhatsApp Image 2017-07-06 at 10.21.12.jpeg","https://pub-e5b1a861541243efa43922161ac876d7.r2.dev/products/coclee/whatsapp-image-2017-07-06-at-10-21-12.jpeg","","","","unmatched","none"
"WhatsApp Image 2017-07-06 at 10.21.14.jpeg","https://pub-e5b1a861541243efa43922161ac876d7.r2.dev/products/coclee/whatsapp-image-2017-07-06-at-10-21-14.jpeg","","","","unmatched","none"
"WhatsApp Image 2017-07-06 at 10.21.17.jpeg","https://pub-e5b1a861541243efa43922161ac876d7.r2.dev/products/coclee/whatsapp-image-2017-07-06-at-10-21-17.jpeg","","","","unmatched","none"
"WhatsApp Image 2017-07-06 at 10.21.34.jpeg","https://pub-e5b1a861541243efa43922161ac876d7.r2.dev/products/coclee/whatsapp-image-2017-07-06-at-10-21-34.jpeg","","","","unmatched","none"
"WhatsApp Image 2017-07-06 at 10.21.37.jpeg","https://pub-e5b1a861541243efa43922161ac876d7.r2.dev/products/coclee/whatsapp-image-2017-07-06-at-10-21-37.jpeg","","","","unmatched","none"
"WhatsApp Image 2017-07-06 at 10.21.41.jpeg","https://pub-e5b1a861541243efa43922161ac876d7.r2.dev/products/coclee/whatsapp-image-2017-07-06-at-10-21-41.jpeg","","","","unmatched","none"
"WhatsApp Image 2017-07-06 at 10.21.44.jpeg","https://pub-e5b1a861541243efa43922161ac876d7.r2.dev/products/coclee/whatsapp-image-2017-07-06-at-10-21-44.jpeg","","","","unmatched","none"
"WhatsApp Image 2017-07-06 at 10.21.48.jpeg","https://pub-e5b1a861541243efa43922161ac876d7.r2.dev/products/coclee/whatsapp-image-2017-07-06-at-10-21-48.jpeg","","","","unmatched","none"
"WhatsApp Image 2017-07-06 at 10.21.52.jpeg","https://pub-e5b1a861541243efa43922161ac876d7.r2.dev/products/coclee/whatsapp-image-2017-07-06-at-10-21-52.jpeg","","","","unmatched","none"
"WhatsApp Image 2017-07-06 at 10.21.54.jpeg","https://pub-e5b1a861541243efa43922161ac876d7.r2.dev/products/coclee/whatsapp-image-2017-07-06-at-10-21-54.jpeg","","","","unmatched","none"
"WhatsApp Image 2017-07-06 at 10.21.57.jpeg","https://pub-e5b1a861541243efa43922161ac876d7.r2.dev/products/coclee/whatsapp-image-2017-07-06-at-10-21-57.jpeg","","","","unmatched","none"
"66.jpg","https://pub-e5b1a861541243efa43922161ac876d7.r2.dev/products/display-cavi-telecomandi/66.jpg","","","","unmatched","none"
"CAVO FLAT DISPLAY 1200 mm.jpg","https://pub-e5b1a861541243efa43922161ac876d7.r2.dev/products/display-cavi-telecomandi/cavo-flat-display-1200-mm.jpg","32","CAVO FLAT DISPLAY 1200 mm","NULL","name-exact","high"
"CAVO FLAT DISPLAY 1500 mm.jpg","https://pub-e5b1a861541243efa43922161ac876d7.r2.dev/products/display-cavi-telecomandi/cavo-flat-display-1500-mm.jpg","32","CAVO FLAT DISPLAY 1200 mm","NULL","name-partial","medium"
"Console di Emergenza Micronova.jpg","https://pub-e5b1a861541243efa43922161ac876d7.r2.dev/products/display-cavi-telecomandi/console-di-emergenza-micronova.jpg","","","","unmatched","none"
"display duepi 3 tasti led.jpg","https://pub-e5b1a861541243efa43922161ac876d7.r2.dev/products/display-cavi-telecomandi/display-duepi-3-tasti-led.jpg","30","DISPLAY LED A 3 TASTI DUEPI","NULL","name-partial","medium"
"DISPLAY LCD A 6 TASTI MICRONOVA 2.jpg","https://pub-e5b1a861541243efa43922161ac876d7.r2.dev/products/display-cavi-telecomandi/display-lcd-a-6-tasti-micronova-2.jpg","27","DISPLAY LCD A 6 TASTI MICRONOVA","NULL","name-exact","high"
"DISPLAY LCD A 6 TASTI MICRONOVA BLU.jpg","https://pub-e5b1a861541243efa43922161ac876d7.r2.dev/products/display-cavi-telecomandi/display-lcd-a-6-tasti-micronova-blu.jpg","27","DISPLAY LCD A 6 TASTI MICRONOVA","NULL","name-partial","medium"
"DISPLAY LCD A 6 TASTI MICRONOVA DIETRO.jpg","https://pub-e5b1a861541243efa43922161ac876d7.r2.dev/products/display-cavi-telecomandi/display-lcd-a-6-tasti-micronova-dietro.jpg","27","DISPLAY LCD A 6 TASTI MICRONOVA","NULL","name-partial","medium"
"DISPLAY LCD A 6 TASTI MICRONOVA.jpg","https://pub-e5b1a861541243efa43922161ac876d7.r2.dev/products/display-cavi-telecomandi/display-lcd-a-6-tasti-micronova.jpg","27","DISPLAY LCD A 6 TASTI MICRONOVA","NULL","name-exact","high"
"DISPLAY LCD ELETTRONICA TIEMME.jpg","https://pub-e5b1a861541243efa43922161ac876d7.r2.dev/products/display-cavi-telecomandi/display-lcd-elettronica-tiemme.jpg","57","DISPLAY LCD ELETTRONICA TIEMME ","NULL","name-exact","high"
"DISPLAY LED A 3 TASTI DUEPI.jpg","https://pub-e5b1a861541243efa43922161ac876d7.r2.dev/products/display-cavi-telecomandi/display-led-a-3-tasti-duepi.jpg","30","DISPLAY LED A 3 TASTI DUEPI","NULL","name-exact","high"
"DISPLAY LED A 3 TASTI MICRONOVA 2.jpg","https://pub-e5b1a861541243efa43922161ac876d7.r2.dev/products/display-cavi-telecomandi/display-led-a-3-tasti-micronova-2.jpg","29","DISPLAY LED A 3 TASTI MICRONOVA","NULL","name-exact","high"
"DISPLAY LED A 3 TASTI MICRONOVA.jpg","https://pub-e5b1a861541243efa43922161ac876d7.r2.dev/products/display-cavi-telecomandi/display-led-a-3-tasti-micronova.jpg","29","DISPLAY LED A 3 TASTI MICRONOVA","NULL","name-exact","high"
"DISPLAY LED A 6 TASTI MICRONOVA (2).jpg","https://pub-e5b1a861541243efa43922161ac876d7.r2.dev/products/display-cavi-telecomandi/display-led-a-6-tasti-micronova-2.jpg","28","DISPLAY LED A 6 TASTI MICRONOVA","NULL","name-exact","high"
"DISPLAY LED A 6 TASTI MICRONOVA.jpg","https://pub-e5b1a861541243efa43922161ac876d7.r2.dev/products/display-cavi-telecomandi/display-led-a-6-tasti-micronova.jpg","28","DISPLAY LED A 6 TASTI MICRONOVA","NULL","name-exact","high"
"DISPLAY LED A 6 TASTI VERTICALE MICRONOVA.jpg","https://pub-e5b1a861541243efa43922161ac876d7.r2.dev/products/display-cavi-telecomandi/display-led-a-6-tasti-verticale-micronova.jpg","28","DISPLAY LED A 6 TASTI MICRONOVA","NULL","name-partial","medium"
"display led ceza   compatibile solo con schde ceza.jpg","https://pub-e5b1a861541243efa43922161ac876d7.r2.dev/products/display-cavi-telecomandi/display-led-ceza-compatibile-solo-con-schde-ceza.jpg","","","","unmatched","none"
"display vert micro 6 tasti.jpg","https://pub-e5b1a861541243efa43922161ac876d7.r2.dev/products/display-cavi-telecomandi/display-vert-micro-6-tasti.jpg","27","DISPLAY LCD A 6 TASTI MICRONOVA","NULL","name-partial","low"
"display verticale micro 6 tasti.jpg","https://pub-e5b1a861541243efa43922161ac876d7.r2.dev/products/display-cavi-telecomandi/display-verticale-micro-6-tasti.jpg","117","DISPLAY VERTICALE MICRONOVA 6 TASTI","NULL","name-partial","medium"
"duepi 3 tasti led.jpg","https://pub-e5b1a861541243efa43922161ac876d7.r2.dev/products/display-cavi-telecomandi/duepi-3-tasti-led.jpg","30","DISPLAY LED A 3 TASTI DUEPI","NULL","name-partial","medium"
"file30038.jpg","https://pub-e5b1a861541243efa43922161ac876d7.r2.dev/products/display-cavi-telecomandi/file30038.jpg","","","","unmatched","none"
"IMG_20161004_155507.jpg","https://pub-e5b1a861541243efa43922161ac876d7.r2.dev/products/display-cavi-telecomandi/img-20161004-155507.jpg","","","","unmatched","none"
"IMG_20161004_155524.jpg","https://pub-e5b1a861541243efa43922161ac876d7.r2.dev/products/display-cavi-telecomandi/img-20161004-155524.jpg","","","","unmatched","none"
"IMG_20161004_155631.jpg","https://pub-e5b1a861541243efa43922161ac876d7.r2.dev/products/display-cavi-telecomandi/img-20161004-155631.jpg","","","","unmatched","none"
"IMG_20191012_095020.jpg","https://pub-e5b1a861541243efa43922161ac876d7.r2.dev/products/display-cavi-telecomandi/img-20191012-095020.jpg","","","","unmatched","none"
"IMG_20191012_095038.jpg","https://pub-e5b1a861541243efa43922161ac876d7.r2.dev/products/display-cavi-telecomandi/img-20191012-095038.jpg","","","","unmatched","none"
"PANNELLO DI EMERGENZA TELECOMANDO RADIO MICRONOVA.jpg","https://pub-e5b1a861541243efa43922161ac876d7.r2.dev/products/display-cavi-telecomandi/pannello-di-emergenza-telecomando-radio-micronova.jpg","31","PANNELLO DI EMERGENZA TELECOMANDO RADIO MICRONOVA","NULL","name-exact","high"
"PFHPIM2R0000 - PFHPABAR0000 - Radiocomando con base ricarica.jpg","https://pub-e5b1a861541243efa43922161ac876d7.r2.dev/products/display-cavi-telecomandi/pfhpim2r0000-pfhpabar0000-radiocomando-con-base-ricarica.jpg","","","","unmatched","none"
"PFHPIM2R0000 - Radiocomando HRC 2.5.jpg","https://pub-e5b1a861541243efa43922161ac876d7.r2.dev/products/display-cavi-telecomandi/pfhpim2r0000-radiocomando-hrc-2-5.jpg","","","","unmatched","none"
"PL026PR028-4-1.jpg","https://pub-e5b1a861541243efa43922161ac876d7.r2.dev/products/display-cavi-telecomandi/pl026pr028-4-1.jpg","","","","unmatched","none"
"telecomando Ceza.jpg","https://pub-e5b1a861541243efa43922161ac876d7.r2.dev/products/display-cavi-telecomandi/telecomando-ceza.jpg","","","","unmatched","none"
"Telecomando Futura.jpg","https://pub-e5b1a861541243efa43922161ac876d7.r2.dev/products/display-cavi-telecomandi/telecomando-futura.jpg","","","","unmatched","none"
"telecomando Micronova.jpg","https://pub-e5b1a861541243efa43922161ac876d7.r2.dev/products/display-cavi-telecomandi/telecomando-micronova.jpg","33","TELECOMANDO RADIO MICRONOVA","NULL","name-partial","low"
"TELECOMANDO NERO FUTURA.jpg","https://pub-e5b1a861541243efa43922161ac876d7.r2.dev/products/display-cavi-telecomandi/telecomando-nero-futura.jpg","","","","unmatched","none"
"TELECOMANDO NEW 2.jpg","https://pub-e5b1a861541243efa43922161ac876d7.r2.dev/products/display-cavi-telecomandi/telecomando-new-2.jpg","","","","unmatched","none"
"TELECOMANDO NEW.jpg","https://pub-e5b1a861541243efa43922161ac876d7.r2.dev/products/display-cavi-telecomandi/telecomando-new.jpg","","","","unmatched","none"
"TELECOMANDO RADIO MICRONOVA OLD.jpg","https://pub-e5b1a861541243efa43922161ac876d7.r2.dev/products/display-cavi-telecomandi/telecomando-radio-micronova-old.jpg","33","TELECOMANDO RADIO MICRONOVA","NULL","name-partial","medium"
"TELECOMANDO RADIO MICRONOVA.jpg","https://pub-e5b1a861541243efa43922161ac876d7.r2.dev/products/display-cavi-telecomandi/telecomando-radio-micronova.jpg","33","TELECOMANDO RADIO MICRONOVA","NULL","name-exact","high"
"TELECOMANDO RADIO RAFFAELLO-GIOTTO.jpg","https://pub-e5b1a861541243efa43922161ac876d7.r2.dev/products/display-cavi-telecomandi/telecomando-radio-raffaello-giotto.jpg","33","TELECOMANDO RADIO MICRONOVA","NULL","name-partial","low"
"TELECOMANDO RADIO SILENCE-NICO.jpg","https://pub-e5b1a861541243efa43922161ac876d7.r2.dev/products/display-cavi-telecomandi/telecomando-radio-silence-nico.jpg","33","TELECOMANDO RADIO MICRONOVA","NULL","name-partial","low"
"TELECOMANDO RADIO SILENCE2.jpg","https://pub-e5b1a861541243efa43922161ac876d7.r2.dev/products/display-cavi-telecomandi/telecomando-radio-silence2.jpg","33","TELECOMANDO RADIO MICRONOVA","NULL","name-partial","low"
"TELECOMANDO UNIVERSALE PER STUFE A PELLET.jpg","https://pub-e5b1a861541243efa43922161ac876d7.r2.dev/products/display-cavi-telecomandi/telecomando-universale-per-stufe-a-pellet.jpg","34","TELECOMANDO UNIVERSALE PER STUFE A PELLET ELETTRONICA MICRONOVA","NULL","name-partial","medium"
"WhatsApp Image 2017-07-27 at 09.16.10 (2).jpeg","https://pub-e5b1a861541243efa43922161ac876d7.r2.dev/products/display-cavi-telecomandi/whatsapp-image-2017-07-27-at-09-16-10-2.jpeg","","","","unmatched","none"
"WhatsApp Image 2017-07-27 at 09.16.10.jpeg","https://pub-e5b1a861541243efa43922161ac876d7.r2.dev/products/display-cavi-telecomandi/whatsapp-image-2017-07-27-at-09-16-10.jpeg","","","","unmatched","none"
"WhatsApp Image 2017-07-27 at 09.16.13.jpeg","https://pub-e5b1a861541243efa43922161ac876d7.r2.dev/products/display-cavi-telecomandi/whatsapp-image-2017-07-27-at-09-16-13.jpeg","","","","unmatched","none"
"20200430_111621.jpg","https://pub-e5b1a861541243efa43922161ac876d7.r2.dev/products/guarnizioni-silicone/20200430-111621.jpg","","","","unmatched","none"
"20200430_111624.jpg","https://pub-e5b1a861541243efa43922161ac876d7.r2.dev/products/guarnizioni-silicone/20200430-111624.jpg","","","","unmatched","none"
"20200430_111630.jpg","https://pub-e5b1a861541243efa43922161ac876d7.r2.dev/products/guarnizioni-silicone/20200430-111630.jpg","","","","unmatched","none"
"CORDINO.jpg","https://pub-e5b1a861541243efa43922161ac876d7.r2.dev/products/guarnizioni-silicone/cordino.jpg","49","CORDINO 9 MM ","NULL","name-partial","medium"
"GUARNIZIONE SILICONICA PER TUBI PELLET.jpg","https://pub-e5b1a861541243efa43922161ac876d7.r2.dev/products/guarnizioni-silicone/guarnizione-siliconica-per-tubi-pellet.jpg","50","GUARNIZIONE SILICONICA PER TUBI PELLET","NULL","name-exact","high"
"NASTRO ADESIVO IN FIBRA DI VETRO 550°C 10mm X 1mm.jpg","https://pub-e5b1a861541243efa43922161ac876d7.r2.dev/products/guarnizioni-silicone/nastro-adesivo-in-fibra-di-vetro-550-c-10mm-x-1mm.jpg","66","NASTRO ADESIVO IN FIBRA DI VETRO 550°C 10mm X 1mm","NULL","name-exact","high"
"NASTRO ADESIVO IN FIBRA DI VETRO 550°C 10mm X 3mm.jpg","https://pub-e5b1a861541243efa43922161ac876d7.r2.dev/products/guarnizioni-silicone/nastro-adesivo-in-fibra-di-vetro-550-c-10mm-x-3mm.jpg","48","NASTRO ADESIVO IN FIBRA DI VETRO 550°C 10mm X 3mm","NULL","name-exact","high"
"WhatsApp Image 2019-05-30 at 10.17.35.jpeg","https://pub-e5b1a861541243efa43922161ac876d7.r2.dev/products/guarnizioni-silicone/whatsapp-image-2019-05-30-at-10-17-35.jpeg","","","","unmatched","none"
"WhatsApp Image 2019-05-30 at 10.17.52.jpeg","https://pub-e5b1a861541243efa43922161ac876d7.r2.dev/products/guarnizioni-silicone/whatsapp-image-2019-05-30-at-10-17-52.jpeg","","","","unmatched","none"
"WhatsApp Image 2019-05-30 at 10.40.27.jpeg","https://pub-e5b1a861541243efa43922161ac876d7.r2.dev/products/guarnizioni-silicone/whatsapp-image-2019-05-30-at-10-40-27.jpeg","","","","unmatched","none"
"95100300.jpg","https://pub-e5b1a861541243efa43922161ac876d7.r2.dev/products/motoriduttori/95100300.jpg","","","","unmatched","none"
"951007800.jpg","https://pub-e5b1a861541243efa43922161ac876d7.r2.dev/products/motoriduttori/951007800.jpg","","","","unmatched","none"
"951016800.jpg","https://pub-e5b1a861541243efa43922161ac876d7.r2.dev/products/motoriduttori/951016800.jpg","","","","unmatched","none"
"951034800.jpg","https://pub-e5b1a861541243efa43922161ac876d7.r2.dev/products/motoriduttori/951034800.jpg","","","","unmatched","none"
"951042000.jpg","https://pub-e5b1a861541243efa43922161ac876d7.r2.dev/products/motoriduttori/951042000.jpg","","","","unmatched","none"
"951063000.jpg","https://pub-e5b1a861541243efa43922161ac876d7.r2.dev/products/motoriduttori/951063000.jpg","","","","unmatched","none"
"ac9e766b-2c1c-453e-9427-1485ba9fc4f8.jpg","https://pub-e5b1a861541243efa43922161ac876d7.r2.dev/products/motoriduttori/ac9e766b-2c1c-453e-9427-1485ba9fc4f8.jpg","","","","unmatched","none"
"c74388ab-4a16-480c-8e0f-f5b925078fd4.jpg","https://pub-e5b1a861541243efa43922161ac876d7.r2.dev/products/motoriduttori/c74388ab-4a16-480c-8e0f-f5b925078fd4.jpg","","","","unmatched","none"
"de4cec90-2c8c-4656-a415-1dc4416ad59c.jpg","https://pub-e5b1a861541243efa43922161ac876d7.r2.dev/products/motoriduttori/de4cec90-2c8c-4656-a415-1dc4416ad59c.jpg","","","","unmatched","none"
"MOTORIDUTTORE MELLOR T14 – 5 RPM (2).jpg","https://pub-e5b1a861541243efa43922161ac876d7.r2.dev/products/motoriduttori/motoriduttore-mellor-t14-5-rpm-2.jpg","10","MOTORIDUTTORE MELLOR T14 – 5 RPM","NULL","name-exact","high"
"MOTORIDUTTORE MELLOR T14 – 5 RPM.jpg","https://pub-e5b1a861541243efa43922161ac876d7.r2.dev/products/motoriduttori/motoriduttore-mellor-t14-5-rpm.jpg","10","MOTORIDUTTORE MELLOR T14 – 5 RPM","NULL","name-exact","high"
"MOTORIDUTTORE PER STUFE A PELLET MELLOR 1,26 RPM.jpg","https://pub-e5b1a861541243efa43922161ac876d7.r2.dev/products/motoriduttori/motoriduttore-per-stufe-a-pellet-mellor-1-26-rpm.jpg","14","MOTORIDUTTORE PER STUFE A PELLET MELLOR 4 RPM","NULL","name-partial","medium"
"MOTORIDUTTORE PER STUFE A PELLET MELLOR 1,5 RPM.jpg","https://pub-e5b1a861541243efa43922161ac876d7.r2.dev/products/motoriduttori/motoriduttore-per-stufe-a-pellet-mellor-1-5-rpm.jpg","14","MOTORIDUTTORE PER STUFE A PELLET MELLOR 4 RPM","NULL","name-partial","medium"
"MOTORIDUTTORE PER STUFE A PELLET MELLOR 2 RPM.jpg","https://pub-e5b1a861541243efa43922161ac876d7.r2.dev/products/motoriduttori/motoriduttore-per-stufe-a-pellet-mellor-2-rpm.jpg","14","MOTORIDUTTORE PER STUFE A PELLET MELLOR 4 RPM","NULL","name-partial","medium"
"MOTORIDUTTORE PER STUFE A PELLET MELLOR 3 RPM.jpg","https://pub-e5b1a861541243efa43922161ac876d7.r2.dev/products/motoriduttori/motoriduttore-per-stufe-a-pellet-mellor-3-rpm.jpg","14","MOTORIDUTTORE PER STUFE A PELLET MELLOR 4 RPM","NULL","name-partial","medium"
"MOTORIDUTTORE PER STUFE A PELLET MELLOR 4 RPM.jpg","https://pub-e5b1a861541243efa43922161ac876d7.r2.dev/products/motoriduttori/motoriduttore-per-stufe-a-pellet-mellor-4-rpm.jpg","14","MOTORIDUTTORE PER STUFE A PELLET MELLOR 4 RPM","NULL","name-exact","high"
"motoriduttore-per-stufe-a-pellet-mellor-3-rpm-con-sensore-di-giri (1).jpg","https://pub-e5b1a861541243efa43922161ac876d7.r2.dev/products/motoriduttori/motoriduttore-per-stufe-a-pellet-mellor-3-rpm-con-sensore-di-giri-1.jpg","122","MOTORE COCLEA PER STUFE A PELLET  3 RPM CON SENSORE GIRI","NULL","name-partial","medium"
"motoriduttore-per-stufe-a-pellet-mellor-3-rpm-con-sensore-di-giri.jpg","https://pub-e5b1a861541243efa43922161ac876d7.r2.dev/products/motoriduttori/motoriduttore-per-stufe-a-pellet-mellor-3-rpm-con-sensore-di-giri.jpg","122","MOTORE COCLEA PER STUFE A PELLET  3 RPM CON SENSORE GIRI","NULL","name-partial","medium"
"motoriduttore-per-stufe-a-pellet-mellor-3.jpg","https://pub-e5b1a861541243efa43922161ac876d7.r2.dev/products/motoriduttori/motoriduttore-per-stufe-a-pellet-mellor-3.jpg","14","MOTORIDUTTORE PER STUFE A PELLET MELLOR 4 RPM","NULL","name-partial","medium"
"WhatsApp Image 2017-07-03 at 11.39.06.jpeg","https://pub-e5b1a861541243efa43922161ac876d7.r2.dev/products/motoriduttori/whatsapp-image-2017-07-03-at-11-39-06.jpeg","","","","unmatched","none"
"WhatsApp Image 2017-07-03 at 11.39.09.jpeg","https://pub-e5b1a861541243efa43922161ac876d7.r2.dev/products/motoriduttori/whatsapp-image-2017-07-03-at-11-39-09.jpeg","","","","unmatched","none"
"WhatsApp Image 2017-07-03 at 11.39.12.jpeg","https://pub-e5b1a861541243efa43922161ac876d7.r2.dev/products/motoriduttori/whatsapp-image-2017-07-03-at-11-39-12.jpeg","","","","unmatched","none"
"WhatsApp Image 2017-07-03 at 11.39.16.jpeg","https://pub-e5b1a861541243efa43922161ac876d7.r2.dev/products/motoriduttori/whatsapp-image-2017-07-03-at-11-39-16.jpeg","","","","unmatched","none"
"WhatsApp Image 2017-07-03 at 11.39.19.jpeg","https://pub-e5b1a861541243efa43922161ac876d7.r2.dev/products/motoriduttori/whatsapp-image-2017-07-03-at-11-39-19.jpeg","","","","unmatched","none"
"WhatsApp Image 2017-07-03 at 11.39.22.jpeg","https://pub-e5b1a861541243efa43922161ac876d7.r2.dev/products/motoriduttori/whatsapp-image-2017-07-03-at-11-39-22.jpeg","","","","unmatched","none"
"WhatsApp Image 2018-06-14 at 10.55.40.jpeg","https://pub-e5b1a861541243efa43922161ac876d7.r2.dev/products/motoriduttori/whatsapp-image-2018-06-14-at-10-55-40.jpeg","","","","unmatched","none"
"WhatsApp Image 2018-06-14 at 10.55.52 (1).jpeg","https://pub-e5b1a861541243efa43922161ac876d7.r2.dev/products/motoriduttori/whatsapp-image-2018-06-14-at-10-55-52-1.jpeg","","","","unmatched","none"
"WhatsApp Image 2018-06-14 at 10.55.52.jpeg","https://pub-e5b1a861541243efa43922161ac876d7.r2.dev/products/motoriduttori/whatsapp-image-2018-06-14-at-10-55-52.jpeg","","","","unmatched","none"
"WhatsApp Image 2019-05-29 at 11.15.19.jpeg","https://pub-e5b1a861541243efa43922161ac876d7.r2.dev/products/motoriduttori/whatsapp-image-2019-05-29-at-11-15-19.jpeg","","","","unmatched","none"
"WhatsApp Image 2019-05-29 at 11.15.34.jpeg","https://pub-e5b1a861541243efa43922161ac876d7.r2.dev/products/motoriduttori/whatsapp-image-2019-05-29-at-11-15-34.jpeg","","","","unmatched","none"
"WhatsApp Image 2022-10-25 at 11.48.58.jpeg","https://pub-e5b1a861541243efa43922161ac876d7.r2.dev/products/motoriduttori/whatsapp-image-2022-10-25-at-11-48-58.jpeg","","","","unmatched","none"
"WhatsApp Image 2022-10-25 at 11.49.12.jpeg","https://pub-e5b1a861541243efa43922161ac876d7.r2.dev/products/motoriduttori/whatsapp-image-2022-10-25-at-11-49-12.jpeg","","","","unmatched","none"
"WhatsApp Image 2019-05-29 at 09.28.19.jpeg","https://pub-e5b1a861541243efa43922161ac876d7.r2.dev/products/pompe-sensori/whatsapp-image-2019-05-29-at-09-28-19.jpeg","","","","unmatched","none"
"WhatsApp Image 2019-05-29 at 09.28.45.jpeg","https://pub-e5b1a861541243efa43922161ac876d7.r2.dev/products/pompe-sensori/whatsapp-image-2019-05-29-at-09-28-45.jpeg","","","","unmatched","none"
"WhatsApp Image 2019-05-30 at 09.40.03.jpeg","https://pub-e5b1a861541243efa43922161ac876d7.r2.dev/products/pompe-sensori/whatsapp-image-2019-05-30-at-09-40-03.jpeg","","","","unmatched","none"
"WhatsApp Image 2019-05-30 at 09.40.13.jpeg","https://pub-e5b1a861541243efa43922161ac876d7.r2.dev/products/pompe-sensori/whatsapp-image-2019-05-30-at-09-40-13.jpeg","","","","unmatched","none"
"WhatsApp Image 2019-05-30 at 09.40.22.jpeg","https://pub-e5b1a861541243efa43922161ac876d7.r2.dev/products/pompe-sensori/whatsapp-image-2019-05-30-at-09-40-22.jpeg","","","","unmatched","none"
"WhatsApp Image 2019-05-30 at 09.40.34.jpeg","https://pub-e5b1a861541243efa43922161ac876d7.r2.dev/products/pompe-sensori/whatsapp-image-2019-05-30-at-09-40-34.jpeg","","","","unmatched","none"
"WhatsApp Image 2019-05-30 at 09.40.46.jpeg","https://pub-e5b1a861541243efa43922161ac876d7.r2.dev/products/pompe-sensori/whatsapp-image-2019-05-30-at-09-40-46.jpeg","","","","unmatched","none"
"177.jpg","https://pub-e5b1a861541243efa43922161ac876d7.r2.dev/products/resistenze-accensione/177.jpg","","","","unmatched","none"
"179-small_default.jpg","https://pub-e5b1a861541243efa43922161ac876d7.r2.dev/products/resistenze-accensione/179-small-default.jpg","","","","unmatched","none"
"2016_DZG_Catalogue_IT2 (004).jpg","https://pub-e5b1a861541243efa43922161ac876d7.r2.dev/products/resistenze-accensione/2016-dzg-catalogue-it2-004.jpg","","","","unmatched","none"
"20250317_101606.jpg","https://pub-e5b1a861541243efa43922161ac876d7.r2.dev/products/resistenze-accensione/20250317-101606.jpg","","","","unmatched","none"
"20250317_101627.jpg","https://pub-e5b1a861541243efa43922161ac876d7.r2.dev/products/resistenze-accensione/20250317-101627.jpg","","","","unmatched","none"
"31Gy3cFst9L._SX355_.jpg","https://pub-e5b1a861541243efa43922161ac876d7.r2.dev/products/resistenze-accensione/31gy3cfst9l-sx355.jpg","","","","unmatched","none"
"351.jpg","https://pub-e5b1a861541243efa43922161ac876d7.r2.dev/products/resistenze-accensione/351.jpg","","","","unmatched","none"
"358.jpg","https://pub-e5b1a861541243efa43922161ac876d7.r2.dev/products/resistenze-accensione/358.jpg","","","","unmatched","none"
"359.jpg","https://pub-e5b1a861541243efa43922161ac876d7.r2.dev/products/resistenze-accensione/359.jpg","","","","unmatched","none"
"candela quarzo.jpg","https://pub-e5b1a861541243efa43922161ac876d7.r2.dev/products/resistenze-accensione/candela-quarzo.jpg","","","","unmatched","none"
"GOPR0144.JPG","https://pub-e5b1a861541243efa43922161ac876d7.r2.dev/products/resistenze-accensione/gopr0144.jpg","","","","unmatched","none"
"IMG_20161014_174318.jpg","https://pub-e5b1a861541243efa43922161ac876d7.r2.dev/products/resistenze-accensione/img-20161014-174318.jpg","","","","unmatched","none"
"IMG_20170110_101514.jpg","https://pub-e5b1a861541243efa43922161ac876d7.r2.dev/products/resistenze-accensione/img-20170110-101514.jpg","","","","unmatched","none"
"IMG_20170110_101529.jpg","https://pub-e5b1a861541243efa43922161ac876d7.r2.dev/products/resistenze-accensione/img-20170110-101529.jpg","","","","unmatched","none"
"KH67053.jpg","https://pub-e5b1a861541243efa43922161ac876d7.r2.dev/products/resistenze-accensione/kh67053.jpg","116","CANDELA CERAMICA 230W Ø 11,55 230V RACC. 3/8"","KH67053","sku","high"
"RESISTENZA CERAMICA ATTACCO 38.jpg","https://pub-e5b1a861541243efa43922161ac876d7.r2.dev/products/resistenze-accensione/resistenza-ceramica-attacco-38.jpg","51","RESISTENZA CERAMICA ATTACCO 3/8","NULL","name-partial","medium"
"RESISTENZA ELETTRICA Ø 12,5 mm LUNG.85 mm HT68027.jpg","https://pub-e5b1a861541243efa43922161ac876d7.r2.dev/products/resistenze-accensione/resistenza-elettrica-12-5-mm-lung-85-mm-ht68027.jpg","65","RESISTENZA ELETTRICA Ø 12,5 mm LUNG.85 mm HT68027","HT68027","sku","high"
"RESISTENZA ELETTRICA Ø 12,5 mm LUNGH.100 mm.jpg","https://pub-e5b1a861541243efa43922161ac876d7.r2.dev/products/resistenze-accensione/resistenza-elettrica-12-5-mm-lungh-100-mm.jpg","24","RESISTENZA ELETTRICA Ø 12,5 mm LUNGH.100 mm","NULL","name-exact","high"
"RESISTENZA ELETTRICA Ø 12,5 mm LUNGH.160 mm.jpg","https://pub-e5b1a861541243efa43922161ac876d7.r2.dev/products/resistenze-accensione/resistenza-elettrica-12-5-mm-lungh-160-mm.jpg","61","RESISTENZA ELETTRICA Ø 12,5 mm LUNGH.160 mm","HT62706","name-exact","high"
"RESISTENZA ELETTRICA Ø 12,5 mm LUNGH.160MM ATTACCO A FILETTO 38.jpg","https://pub-e5b1a861541243efa43922161ac876d7.r2.dev/products/resistenze-accensione/resistenza-elettrica-12-5-mm-lungh-160mm-attacco-a-filetto-38.jpg","59","RESISTENZA ELETTRICA Ø 12,5 mm LUNGH.160mm 350w ATTACCO A FILETTO 1/2","HT62663","name-partial","medium"
"RESISTENZA ELETTRICA Ø 12,5 mm.jpg","https://pub-e5b1a861541243efa43922161ac876d7.r2.dev/products/resistenze-accensione/resistenza-elettrica-12-5-mm.jpg","26","RESISTENZA ELETTRICA Ø 12,5 mm","HT62705","name-exact","high"
"RESISTENZA ELETTRICA Ø 16 mm LUNGH.120 mm.jpg","https://pub-e5b1a861541243efa43922161ac876d7.r2.dev/products/resistenze-accensione/resistenza-elettrica-16-mm-lungh-120-mm.jpg","62","RESISTENZA ELETTRICA Ø 16 mm LUNGH.120 mm","HT62708","name-exact","high"
"RESISTENZA ELETTRICA Ø 9,5 mm LUNGH.188 MM ESECUZIONE DRITTA.jpg","https://pub-e5b1a861541243efa43922161ac876d7.r2.dev/products/resistenze-accensione/resistenza-elettrica-9-5-mm-lungh-188-mm-esecuzione-dritta.jpg","60","RESISTENZA ELETTRICA Ø 9,5 mm LUNGH.188 MM  ESECUZIONE DRITTA","HT62683","name-exact","high"
"RESISTENZA ELETTRICA Ø 9,9 mm LUNGH.155 MM ESECUZIONE DRITTA.jpg","https://pub-e5b1a861541243efa43922161ac876d7.r2.dev/products/resistenze-accensione/resistenza-elettrica-9-9-mm-lungh-155-mm-esecuzione-dritta.jpg","63","RESISTENZA ELETTRICA Ø 9,9 mm LUNGH.155 MM  ESECUZIONE DRITTA","HT62685","name-exact","high"
"RESISTENZA ELETTRICA Ø 9,9 mm x 140 mm ATTACCO A FILETTO 38.jpg","https://pub-e5b1a861541243efa43922161ac876d7.r2.dev/products/resistenze-accensione/resistenza-elettrica-9-9-mm-x-140-mm-attacco-a-filetto-38.jpg","25","RESISTENZA ELETTRICA Ø 9,9 mm x 140 mm ATTACCO A FILETTO 3/8","HT65012","name-partial","medium"
"RESISTENZA ELETTRICA Ø12,5 mm LUNGH.130 mm.jpg","https://pub-e5b1a861541243efa43922161ac876d7.r2.dev/products/resistenze-accensione/resistenza-elettrica-12-5-mm-lungh-130-mm.jpg","23","RESISTENZA ELETTRICA Ø12,5 mm LUNGH.130 mm","NULL","name-exact","high"
"resistenza-elettrica-9,9mm-170mm.jpg","https://pub-e5b1a861541243efa43922161ac876d7.r2.dev/products/resistenze-accensione/resistenza-elettrica-9-9mm-170mm.jpg","23","RESISTENZA ELETTRICA Ø12,5 mm LUNGH.130 mm","NULL","name-partial","low"
"WhatsApp Image 2017-08-04 at 11.17.11 (1).jpeg","https://pub-e5b1a861541243efa43922161ac876d7.r2.dev/products/resistenze-accensione/whatsapp-image-2017-08-04-at-11-17-11-1.jpeg","","","","unmatched","none"
"WhatsApp Image 2017-08-04 at 11.17.13.jpeg","https://pub-e5b1a861541243efa43922161ac876d7.r2.dev/products/resistenze-accensione/whatsapp-image-2017-08-04-at-11-17-13.jpeg","","","","unmatched","none"
"WhatsApp Image 2019-05-30 at 09.41.02.jpeg","https://pub-e5b1a861541243efa43922161ac876d7.r2.dev/products/resistenze-accensione/whatsapp-image-2019-05-30-at-09-41-02.jpeg","","","","unmatched","none"
"235.jpg","https://pub-e5b1a861541243efa43922161ac876d7.r2.dev/products/schede-elettroniche-sensori/235.jpg","","","","unmatched","none"
"CONNETTORE 2 POLI.jpg","https://pub-e5b1a861541243efa43922161ac876d7.r2.dev/products/schede-elettroniche-sensori/connettore-2-poli.jpg","70","CONNETTORE SCHEDA 10 POLI","NULL","name-partial","low"
"CONNETTORE SCHEDA 10 POLI.jpg","https://pub-e5b1a861541243efa43922161ac876d7.r2.dev/products/schede-elettroniche-sensori/connettore-scheda-10-poli.jpg","70","CONNETTORE SCHEDA 10 POLI","NULL","name-exact","high"
"CONNETTORE SCHEDA 2 POLI.jpg","https://pub-e5b1a861541243efa43922161ac876d7.r2.dev/products/schede-elettroniche-sensori/connettore-scheda-2-poli.jpg","75","CONNETTORE SCHEDA 2 POLI","NULL","name-exact","high"
"CONNETTORE SCHEDA 3 POLI.jpg","https://pub-e5b1a861541243efa43922161ac876d7.r2.dev/products/schede-elettroniche-sensori/connettore-scheda-3-poli.jpg","74","CONNETTORE SCHEDA 3 POLI","NULL","name-exact","high"
"CONNETTORE SCHEDA 4 POLI.jpg","https://pub-e5b1a861541243efa43922161ac876d7.r2.dev/products/schede-elettroniche-sensori/connettore-scheda-4-poli.jpg","73","CONNETTORE SCHEDA 4 POLI","NULL","name-exact","high"
"CONNETTORE SCHEDA 6 POLI.jpg","https://pub-e5b1a861541243efa43922161ac876d7.r2.dev/products/schede-elettroniche-sensori/connettore-scheda-6-poli.jpg","72","CONNETTORE SCHEDA 6 POLI","NULL","name-exact","high"
"CONNETTORE SCHEDA 7 POLI.jpg","https://pub-e5b1a861541243efa43922161ac876d7.r2.dev/products/schede-elettroniche-sensori/connettore-scheda-7-poli.jpg","71","CONNETTORE SCHEDA 7 POLI","NULL","name-exact","high"
"duepi.jpeg","https://pub-e5b1a861541243efa43922161ac876d7.r2.dev/products/schede-elettroniche-sensori/duepi.jpeg","","","","unmatched","none"
"GOPR0027.JPG","https://pub-e5b1a861541243efa43922161ac876d7.r2.dev/products/schede-elettroniche-sensori/gopr0027.jpg","","","","unmatched","none"
"GOPR0028.JPG","https://pub-e5b1a861541243efa43922161ac876d7.r2.dev/products/schede-elettroniche-sensori/gopr0028.jpg","","","","unmatched","none"
"GOPR0087.jpg","https://pub-e5b1a861541243efa43922161ac876d7.r2.dev/products/schede-elettroniche-sensori/gopr0087.jpg","","","","unmatched","none"
"GOPR0156.JPG","https://pub-e5b1a861541243efa43922161ac876d7.r2.dev/products/schede-elettroniche-sensori/gopr0156.jpg","","","","unmatched","none"
"L023-8 SILENCE-TREVISI-FUTURA 1.jpg","https://pub-e5b1a861541243efa43922161ac876d7.r2.dev/products/schede-elettroniche-sensori/l023-8-silence-trevisi-futura-1.jpg","","","","unmatched","none"
"L023-8 SILENCE-TREVISI-FUTURA.jpg","https://pub-e5b1a861541243efa43922161ac876d7.r2.dev/products/schede-elettroniche-sensori/l023-8-silence-trevisi-futura.jpg","","","","unmatched","none"
"N100-1.jpg","https://pub-e5b1a861541243efa43922161ac876d7.r2.dev/products/schede-elettroniche-sensori/n100-1.jpg","","","","unmatched","none"
"N100-2-150x150.jpg","https://pub-e5b1a861541243efa43922161ac876d7.r2.dev/products/schede-elettroniche-sensori/n100-2-150x150.jpg","","","","unmatched","none"
"N100-3.jpg","https://pub-e5b1a861541243efa43922161ac876d7.r2.dev/products/schede-elettroniche-sensori/n100-3.jpg","","","","unmatched","none"
"Scheda Caricatore Serbatoio Pellet.jpg","https://pub-e5b1a861541243efa43922161ac876d7.r2.dev/products/schede-elettroniche-sensori/scheda-caricatore-serbatoio-pellet.jpg","","","","unmatched","none"
"SCHEDA ELETTRONICA CEZA 2.jpg","https://pub-e5b1a861541243efa43922161ac876d7.r2.dev/products/schede-elettroniche-sensori/scheda-elettronica-ceza-2.jpg","38","SCHEDA ELETTRONICA DUEPI","NULL","name-partial","low"
"SCHEDA ELETTRONICA CEZA.jpg","https://pub-e5b1a861541243efa43922161ac876d7.r2.dev/products/schede-elettroniche-sensori/scheda-elettronica-ceza.jpg","38","SCHEDA ELETTRONICA DUEPI","NULL","name-partial","low"
"SCHEDA ELETTRONICA DUEPI.jpg","https://pub-e5b1a861541243efa43922161ac876d7.r2.dev/products/schede-elettroniche-sensori/scheda-elettronica-duepi.jpg","38","SCHEDA ELETTRONICA DUEPI","NULL","name-exact","high"
"SCHEDA ELETTRONICA I023-5T.jpeg","https://pub-e5b1a861541243efa43922161ac876d7.r2.dev/products/schede-elettroniche-sensori/scheda-elettronica-i023-5t.jpeg","35","SCHEDA ELETTRONICA MICRONOVA I023","NULL","name-partial","medium"
"SCHEDA ELETTRONICA MICRONOVA.jpg","https://pub-e5b1a861541243efa43922161ac876d7.r2.dev/products/schede-elettroniche-sensori/scheda-elettronica-micronova.jpg","35","SCHEDA ELETTRONICA MICRONOVA I023","NULL","name-partial","medium"
"SCHEDA ELETTRONICA N100 MICRONOVA.jpg","https://pub-e5b1a861541243efa43922161ac876d7.r2.dev/products/schede-elettroniche-sensori/scheda-elettronica-n100-micronova.jpg","37","SCHEDA ELETTRONICA N100 MICRONOVA","NULL","name-exact","high"
"SCHEDA ELETTRONICA TIEMME SY8P-H01.jpg","https://pub-e5b1a861541243efa43922161ac876d7.r2.dev/products/schede-elettroniche-sensori/scheda-elettronica-tiemme-sy8p-h01.jpg","76","SCHEDA ELETTRONICA TIEMME SY8P-H01 ","NULL","name-exact","high"
"SCHEDA EV - PRO.jpg","https://pub-e5b1a861541243efa43922161ac876d7.r2.dev/products/schede-elettroniche-sensori/scheda-ev-pro.jpg","","","","unmatched","none"
"SCHEDA MICRONOVA UO47.jpg","https://pub-e5b1a861541243efa43922161ac876d7.r2.dev/products/schede-elettroniche-sensori/scheda-micronova-uo47.jpg","35","SCHEDA ELETTRONICA MICRONOVA I023","NULL","name-partial","low"
"schema scheda Tiemme.png","https://pub-e5b1a861541243efa43922161ac876d7.r2.dev/products/schede-elettroniche-sensori/schema-scheda-tiemme.png","","","","unmatched","none"
"SENSORE DEBIMETRO CON CAVO CEZA (2).jpg","https://pub-e5b1a861541243efa43922161ac876d7.r2.dev/products/schede-elettroniche-sensori/sensore-debimetro-con-cavo-ceza-2.jpg","78","SENSORE DEBIMETRO CON CAVO CEZA","NULL","name-exact","high"
"SENSORE DEBIMETRO CON CAVO CEZA.jpg","https://pub-e5b1a861541243efa43922161ac876d7.r2.dev/products/schede-elettroniche-sensori/sensore-debimetro-con-cavo-ceza.jpg","78","SENSORE DEBIMETRO CON CAVO CEZA","NULL","name-exact","high"
"SENSORE DEBIMETRO MICRONOVA.jpg","https://pub-e5b1a861541243efa43922161ac876d7.r2.dev/products/schede-elettroniche-sensori/sensore-debimetro-micronova.jpg","52","SENSORE DEBIMETRO MICRONOVA","NULL","name-exact","high"
"SENSORE LIVELLO PELLET MICRONOVA.jpg","https://pub-e5b1a861541243efa43922161ac876d7.r2.dev/products/schede-elettroniche-sensori/sensore-livello-pellet-micronova.jpg","52","SENSORE DEBIMETRO MICRONOVA","NULL","name-partial","low"
"SENSORE LIVELLO PELLET SYRION.jpg","https://pub-e5b1a861541243efa43922161ac876d7.r2.dev/products/schede-elettroniche-sensori/sensore-livello-pellet-syrion.jpg","","","","unmatched","none"
"WhatsApp Image 2019-05-29 at 09.29.38.jpeg","https://pub-e5b1a861541243efa43922161ac876d7.r2.dev/products/schede-elettroniche-sensori/whatsapp-image-2019-05-29-at-09-29-38.jpeg","","","","unmatched","none"
"WhatsApp Image 2019-05-29 at 09.29.53.jpeg","https://pub-e5b1a861541243efa43922161ac876d7.r2.dev/products/schede-elettroniche-sensori/whatsapp-image-2019-05-29-at-09-29-53.jpeg","","","","unmatched","none"
"WhatsApp Image 2019-05-30 at 09.39.33 (2).jpeg","https://pub-e5b1a861541243efa43922161ac876d7.r2.dev/products/schede-elettroniche-sensori/whatsapp-image-2019-05-30-at-09-39-33-2.jpeg","","","","unmatched","none"
"WhatsApp Image 2019-05-30 at 09.39.46 (2).jpeg","https://pub-e5b1a861541243efa43922161ac876d7.r2.dev/products/schede-elettroniche-sensori/whatsapp-image-2019-05-30-at-09-39-46-2.jpeg","","","","unmatched","none"
"WhatsApp Image 2022-10-11 at 16.36.53 (1).jpeg","https://pub-e5b1a861541243efa43922161ac876d7.r2.dev/products/schede-elettroniche-sensori/whatsapp-image-2022-10-11-at-16-36-53-1.jpeg","","","","unmatched","none"
"WhatsApp Image 2022-10-25 at 11.37.07.jpeg","https://pub-e5b1a861541243efa43922161ac876d7.r2.dev/products/schede-elettroniche-sensori/whatsapp-image-2022-10-25-at-11-37-07.jpeg","","","","unmatched","none"
"GOPR0052.jpg","https://pub-e5b1a861541243efa43922161ac876d7.r2.dev/products/sonde-depressori-termostati/gopr0052.jpg","","","","unmatched","none"
"ll55336 cavo da 1m con connettori per debimetro.JPG","https://pub-e5b1a861541243efa43922161ac876d7.r2.dev/products/sonde-depressori-termostati/ll55336-cavo-da-1m-con-connettori-per-debimetro.jpg","","","","unmatched","none"
"PRESSOSTATO  DEPRESSORE 0,4 mbar.jpg","https://pub-e5b1a861541243efa43922161ac876d7.r2.dev/products/sonde-depressori-termostati/pressostato-depressore-0-4-mbar.jpg","44","PRESSOSTATO / DEPRESSORE 0,4 mbar","NULL","name-exact","high"
"PRESSOSTATO  DEPRESSORE 0,6 mbar.jpg","https://pub-e5b1a861541243efa43922161ac876d7.r2.dev/products/sonde-depressori-termostati/pressostato-depressore-0-6-mbar.jpg","45","PRESSOSTATO / DEPRESSORE 0,6 mbar","NULL","name-exact","high"
"SONDA TEMPERATURA AMBIENTE NTC 10K MICRONOVA.jpg","https://pub-e5b1a861541243efa43922161ac876d7.r2.dev/products/sonde-depressori-termostati/sonda-temperatura-ambiente-ntc-10k-micronova.jpg","46","SONDA TEMPERATURA AMBIENTE NTC 10K MICRONOVA","NULL","name-exact","high"
"SONDA TEMPERATURA FUMI MICRONOVA.jpg","https://pub-e5b1a861541243efa43922161ac876d7.r2.dev/products/sonde-depressori-termostati/sonda-temperatura-fumi-micronova.jpg","47","SONDA TEMPERATURA FUMI MICRONOVA","NULL","name-exact","high"
"SUPPORTO DEPRESSORE.jpg","https://pub-e5b1a861541243efa43922161ac876d7.r2.dev/products/sonde-depressori-termostati/supporto-depressore.jpg","67","SUPPORTO DEPRESSORE","NULL","name-exact","high"
"TERMOSTATO DI SICUREZZA A RIARMO MANUALE 100°.jpg","https://pub-e5b1a861541243efa43922161ac876d7.r2.dev/products/sonde-depressori-termostati/termostato-di-sicurezza-a-riarmo-manuale-100.jpg","69","TERMOSTATO DI SICUREZZA A RIARMO MANUALE 100°","NULL","name-exact","high"
"TERMOSTATO DI SICUREZZA A RIARMO MANUALE 80°.1.jpg","https://pub-e5b1a861541243efa43922161ac876d7.r2.dev/products/sonde-depressori-termostati/termostato-di-sicurezza-a-riarmo-manuale-80-1.jpg","68","TERMOSTATO DI SICUREZZA A RIARMO MANUALE 80°","NULL","name-partial","medium"
"TERMOSTATO DI SICUREZZA A RIARMO MANUALE 80°.jpg","https://pub-e5b1a861541243efa43922161ac876d7.r2.dev/products/sonde-depressori-termostati/termostato-di-sicurezza-a-riarmo-manuale-80.jpg","68","TERMOSTATO DI SICUREZZA A RIARMO MANUALE 80°","NULL","name-exact","high"
"WhatsApp Image 2017-09-08 at 18.15.52.jpeg","https://pub-e5b1a861541243efa43922161ac876d7.r2.dev/products/sonde-depressori-termostati/whatsapp-image-2017-09-08-at-18-15-52.jpeg","","","","unmatched","none"
"WhatsApp Image 2017-09-08 at 18.15.53.jpeg","https://pub-e5b1a861541243efa43922161ac876d7.r2.dev/products/sonde-depressori-termostati/whatsapp-image-2017-09-08-at-18-15-53.jpeg","","","","unmatched","none"
"stufa-a-pellet-11kw-sara (1).jpg","https://pub-e5b1a861541243efa43922161ac876d7.r2.dev/products/stufe-a-pellet/stufa-a-pellet-11kw-sara-1.jpg","101","STUFA A PELLET PUNTOFUOCO 13,5 KW MARY","NULL","name-partial","low"
"stufa-a-pellet-11kw-sara (2).jpg","https://pub-e5b1a861541243efa43922161ac876d7.r2.dev/products/stufe-a-pellet/stufa-a-pellet-11kw-sara-2.jpg","101","STUFA A PELLET PUNTOFUOCO 13,5 KW MARY","NULL","name-partial","low"
"stufa-a-pellet-11kw-sara (3).jpg","https://pub-e5b1a861541243efa43922161ac876d7.r2.dev/products/stufe-a-pellet/stufa-a-pellet-11kw-sara-3.jpg","101","STUFA A PELLET PUNTOFUOCO 13,5 KW MARY","NULL","name-partial","low"
"stufa-a-pellet-11kw-sara (4).jpg","https://pub-e5b1a861541243efa43922161ac876d7.r2.dev/products/stufe-a-pellet/stufa-a-pellet-11kw-sara-4.jpg","101","STUFA A PELLET PUNTOFUOCO 13,5 KW MARY","NULL","name-partial","low"
"stufa-a-pellet-11kw-sara (5).jpg","https://pub-e5b1a861541243efa43922161ac876d7.r2.dev/products/stufe-a-pellet/stufa-a-pellet-11kw-sara-5.jpg","101","STUFA A PELLET PUNTOFUOCO 13,5 KW MARY","NULL","name-partial","low"
"stufa-a-pellet-11kw-sara (6).jpg","https://pub-e5b1a861541243efa43922161ac876d7.r2.dev/products/stufe-a-pellet/stufa-a-pellet-11kw-sara-6.jpg","101","STUFA A PELLET PUNTOFUOCO 13,5 KW MARY","NULL","name-partial","low"
"stufa-a-pellet-11kw-sara.jpg","https://pub-e5b1a861541243efa43922161ac876d7.r2.dev/products/stufe-a-pellet/stufa-a-pellet-11kw-sara.jpg","101","STUFA A PELLET PUNTOFUOCO 13,5 KW MARY","NULL","name-partial","low"
"1b098dd1-9e34-49df-9216-2cd4e05618f3.jpg","https://pub-e5b1a861541243efa43922161ac876d7.r2.dev/products/ventilatori-aria/1b098dd1-9e34-49df-9216-2cd4e05618f3.jpg","","","","unmatched","none"
"1b3e402b-bd17-4cac-b580-ed6bf6769a17.jpg","https://pub-e5b1a861541243efa43922161ac876d7.r2.dev/products/ventilatori-aria/1b3e402b-bd17-4cac-b580-ed6bf6769a17.jpg","","","","unmatched","none"
"30389361-baee-44c5-811f-a4c4a3e3369d.jpg","https://pub-e5b1a861541243efa43922161ac876d7.r2.dev/products/ventilatori-aria/30389361-baee-44c5-811f-a4c4a3e3369d.jpg","","","","unmatched","none"
"9510032400.jpeg","https://pub-e5b1a861541243efa43922161ac876d7.r2.dev/products/ventilatori-aria/9510032400.jpeg","","","","unmatched","none"
"9510032500.jpeg","https://pub-e5b1a861541243efa43922161ac876d7.r2.dev/products/ventilatori-aria/9510032500.jpeg","","","","unmatched","none"
"9510044100.jpg","https://pub-e5b1a861541243efa43922161ac876d7.r2.dev/products/ventilatori-aria/9510044100.jpg","","","","unmatched","none"
"951046400.jpg","https://pub-e5b1a861541243efa43922161ac876d7.r2.dev/products/ventilatori-aria/951046400.jpg","","","","unmatched","none"
"951047600.jpg","https://pub-e5b1a861541243efa43922161ac876d7.r2.dev/products/ventilatori-aria/951047600.jpg","","","","unmatched","none"
"951047700.jpg","https://pub-e5b1a861541243efa43922161ac876d7.r2.dev/products/ventilatori-aria/951047700.jpg","","","","unmatched","none"
"c95636b4-a8bc-44be-9ba5-3eaf326cf603.jpg","https://pub-e5b1a861541243efa43922161ac876d7.r2.dev/products/ventilatori-aria/c95636b4-a8bc-44be-9ba5-3eaf326cf603.jpg","","","","unmatched","none"
"download (1).jpe","https://pub-e5b1a861541243efa43922161ac876d7.r2.dev/products/ventilatori-aria/download-1.jpe","","","","unmatched","none"
"download (1).jpg","https://pub-e5b1a861541243efa43922161ac876d7.r2.dev/products/ventilatori-aria/download-1.jpg","","","","unmatched","none"
"download.jpe","https://pub-e5b1a861541243efa43922161ac876d7.r2.dev/products/ventilatori-aria/download.jpe","","","","unmatched","none"
"f604696e-dc00-4800-91ea-87786a124214.jpg","https://pub-e5b1a861541243efa43922161ac876d7.r2.dev/products/ventilatori-aria/f604696e-dc00-4800-91ea-87786a124214.jpg","","","","unmatched","none"
"GOPR0055.jpg","https://pub-e5b1a861541243efa43922161ac876d7.r2.dev/products/ventilatori-aria/gopr0055.jpg","","","","unmatched","none"
"GOPR0058.jpg","https://pub-e5b1a861541243efa43922161ac876d7.r2.dev/products/ventilatori-aria/gopr0058.jpg","","","","unmatched","none"
"GOPR0195.jpg","https://pub-e5b1a861541243efa43922161ac876d7.r2.dev/products/ventilatori-aria/gopr0195.jpg","","","","unmatched","none"
"GOPR0211.jpg","https://pub-e5b1a861541243efa43922161ac876d7.r2.dev/products/ventilatori-aria/gopr0211.jpg","","","","unmatched","none"
"Tangenziale 27cm.jpg","https://pub-e5b1a861541243efa43922161ac876d7.r2.dev/products/ventilatori-aria/tangenziale-27cm.jpg","","","","unmatched","none"
"Tangenziale 30cm.jpg","https://pub-e5b1a861541243efa43922161ac876d7.r2.dev/products/ventilatori-aria/tangenziale-30cm.jpg","","","","unmatched","none"
"VENTILATORE ARIA CENTRIFUGO PER STUFA A PELLET (2).jpg","https://pub-e5b1a861541243efa43922161ac876d7.r2.dev/products/ventilatori-aria/ventilatore-aria-centrifugo-per-stufa-a-pellet-2.jpg","17","VENTILATORE ARIA CENTRIFUGO PER STUFA A PELLET","NULL","name-exact","high"
"VENTILATORE ARIA CENTRIFUGO PER STUFA A PELLET con misure.jpg","https://pub-e5b1a861541243efa43922161ac876d7.r2.dev/products/ventilatori-aria/ventilatore-aria-centrifugo-per-stufa-a-pellet-con-misure.jpg","17","VENTILATORE ARIA CENTRIFUGO PER STUFA A PELLET","NULL","name-partial","medium"
"VENTILATORE ARIA CENTRIFUGO PER STUFA A PELLET.jpg","https://pub-e5b1a861541243efa43922161ac876d7.r2.dev/products/ventilatori-aria/ventilatore-aria-centrifugo-per-stufa-a-pellet.jpg","17","VENTILATORE ARIA CENTRIFUGO PER STUFA A PELLET","NULL","name-exact","high"
"VENTILATORE ARIA CENTRIFUGO RLH1200038-3038LH (2).jpg","https://pub-e5b1a861541243efa43922161ac876d7.r2.dev/products/ventilatori-aria/ventilatore-aria-centrifugo-rlh1200038-3038lh-2.jpg","54","VENTILATORE ARIA CENTRIFUGO RLH120/0038-3038LH","NULL","name-partial","low"
"VENTILATORE ARIA CENTRIFUGO RLH1200038-3038LH.jpg","https://pub-e5b1a861541243efa43922161ac876d7.r2.dev/products/ventilatori-aria/ventilatore-aria-centrifugo-rlh1200038-3038lh.jpg","54","VENTILATORE ARIA CENTRIFUGO RLH120/0038-3038LH","NULL","name-partial","low"
"VENTILATORE ARIA STUFE SLIM.jpg","https://pub-e5b1a861541243efa43922161ac876d7.r2.dev/products/ventilatori-aria/ventilatore-aria-stufe-slim.jpg","22","VENTILATORE ARIA STUFE SLIM","NULL","name-exact","high"
"VENTILATORE CENTRIFUGO EVAGOLD30CO0001 (2).jpg","https://pub-e5b1a861541243efa43922161ac876d7.r2.dev/products/ventilatori-aria/ventilatore-centrifugo-evagold30co0001-2.jpg","53","VENTILATORE CENTRIFUGO NATALINI EVAGOLD30CO0001","NULL","name-partial","medium"
"VENTILATORE CENTRIFUGO EVAGOLD30CO0001.jpg","https://pub-e5b1a861541243efa43922161ac876d7.r2.dev/products/ventilatori-aria/ventilatore-centrifugo-evagold30co0001.jpg","53","VENTILATORE CENTRIFUGO NATALINI EVAGOLD30CO0001","NULL","name-partial","medium"
"VENTILATORE TANGENZIALE (2).jpg","https://pub-e5b1a861541243efa43922161ac876d7.r2.dev/products/ventilatori-aria/ventilatore-tangenziale-2.jpg","18","VENTILATORE TANGENZIALE GRANDE DX","NULL","name-partial","low"
"VENTILATORE TANGENZIALE GRANDE DX (2).jpg","https://pub-e5b1a861541243efa43922161ac876d7.r2.dev/products/ventilatori-aria/ventilatore-tangenziale-grande-dx-2.jpg","18","VENTILATORE TANGENZIALE GRANDE DX","NULL","name-exact","high"
"VENTILATORE TANGENZIALE GRANDE DX.jpg","https://pub-e5b1a861541243efa43922161ac876d7.r2.dev/products/ventilatori-aria/ventilatore-tangenziale-grande-dx.jpg","18","VENTILATORE TANGENZIALE GRANDE DX","NULL","name-exact","high"
"VENTILATORE TANGENZIALE GRANDE SX (2).jpg","https://pub-e5b1a861541243efa43922161ac876d7.r2.dev/products/ventilatori-aria/ventilatore-tangenziale-grande-sx-2.jpg","64","VENTILATORE TANGENZIALE GRANDE SX","NULL","name-exact","high"
"VENTILATORE TANGENZIALE GRANDE SX.jpg","https://pub-e5b1a861541243efa43922161ac876d7.r2.dev/products/ventilatori-aria/ventilatore-tangenziale-grande-sx.jpg","64","VENTILATORE TANGENZIALE GRANDE SX","NULL","name-exact","high"
"VENTILATORE TANGENZIALE PICCOLO (2).jpg","https://pub-e5b1a861541243efa43922161ac876d7.r2.dev/products/ventilatori-aria/ventilatore-tangenziale-piccolo-2.jpg","19","VENTILATORE TANGENZIALE PICCOLO","NULL","name-exact","high"
"VENTILATORE TANGENZIALE PICCOLO.jpg","https://pub-e5b1a861541243efa43922161ac876d7.r2.dev/products/ventilatori-aria/ventilatore-tangenziale-piccolo.jpg","19","VENTILATORE TANGENZIALE PICCOLO","NULL","name-exact","high"
"VENTILATORE TANGENZIALE.jpg","https://pub-e5b1a861541243efa43922161ac876d7.r2.dev/products/ventilatori-aria/ventilatore-tangenziale.jpg","18","VENTILATORE TANGENZIALE GRANDE DX","NULL","name-partial","low"
"ventilatore-aria-stufe-slim.jpg","https://pub-e5b1a861541243efa43922161ac876d7.r2.dev/products/ventilatori-aria/ventilatore-aria-stufe-slim.jpg","22","VENTILATORE ARIA STUFE SLIM","NULL","name-exact","high"
"WhatsApp Image 2019-05-30 at 09.37.55.jpeg","https://pub-e5b1a861541243efa43922161ac876d7.r2.dev/products/ventilatori-aria/whatsapp-image-2019-05-30-at-09-37-55.jpeg","","","","unmatched","none"
"WhatsApp Image 2019-05-30 at 09.37.55333.jpeg","https://pub-e5b1a861541243efa43922161ac876d7.r2.dev/products/ventilatori-aria/whatsapp-image-2019-05-30-at-09-37-55333.jpeg","","","","unmatched","none"
"WhatsApp Image 2019-05-30 at 09.38.06.jpeg","https://pub-e5b1a861541243efa43922161ac876d7.r2.dev/products/ventilatori-aria/whatsapp-image-2019-05-30-at-09-38-06.jpeg","","","","unmatched","none"
"WhatsApp Image 2019-05-30 at 09.38.15.jpeg","https://pub-e5b1a861541243efa43922161ac876d7.r2.dev/products/ventilatori-aria/whatsapp-image-2019-05-30-at-09-38-15.jpeg","","","","unmatched","none"
"WhatsApp Image 2019-05-30 at 09.38.23.jpeg","https://pub-e5b1a861541243efa43922161ac876d7.r2.dev/products/ventilatori-aria/whatsapp-image-2019-05-30-at-09-38-23.jpeg","","","","unmatched","none"
"WhatsApp Image 2023-10-10 at 16.55.54 (1).jpeg","https://pub-e5b1a861541243efa43922161ac876d7.r2.dev/products/ventilatori-aria/whatsapp-image-2023-10-10-at-16-55-54-1.jpeg","","","","unmatched","none"
"WhatsApp Image 2023-10-10 at 16.55.54.jpeg","https://pub-e5b1a861541243efa43922161ac876d7.r2.dev/products/ventilatori-aria/whatsapp-image-2023-10-10-at-16-55-54.jpeg","","","","unmatched","none"
"20180329_111822.jpg","https://pub-e5b1a861541243efa43922161ac876d7.r2.dev/products/ventilatori-fumi/20180329-111822.jpg","","","","unmatched","none"
"20180329_111825.jpg","https://pub-e5b1a861541243efa43922161ac876d7.r2.dev/products/ventilatori-fumi/20180329-111825.jpg","","","","unmatched","none"
"20180329_111847.jpg","https://pub-e5b1a861541243efa43922161ac876d7.r2.dev/products/ventilatori-fumi/20180329-111847.jpg","","","","unmatched","none"
"20230905_173330.jpg","https://pub-e5b1a861541243efa43922161ac876d7.r2.dev/products/ventilatori-fumi/20230905-173330.jpg","","","","unmatched","none"
"20230905_173357.jpg","https://pub-e5b1a861541243efa43922161ac876d7.r2.dev/products/ventilatori-fumi/20230905-173357.jpg","","","","unmatched","none"
"20230905_173455.jpg","https://pub-e5b1a861541243efa43922161ac876d7.r2.dev/products/ventilatori-fumi/20230905-173455.jpg","","","","unmatched","none"
"2e3b3b8f-1240-4234-985e-e86976356097 - Copia.jpg","https://pub-e5b1a861541243efa43922161ac876d7.r2.dev/products/ventilatori-fumi/2e3b3b8f-1240-4234-985e-e86976356097-copia.jpg","","","","unmatched","none"
"2e3b3b8f-1240-4234-985e-e86976356097.jpg","https://pub-e5b1a861541243efa43922161ac876d7.r2.dev/products/ventilatori-fumi/2e3b3b8f-1240-4234-985e-e86976356097.jpg","","","","unmatched","none"
"3258845f-28f0-41ed-9ee4-ccbeb4986adc.jpg","https://pub-e5b1a861541243efa43922161ac876d7.r2.dev/products/ventilatori-fumi/3258845f-28f0-41ed-9ee4-ccbeb4986adc.jpg","","","","unmatched","none"
"951002911-1.jpg","https://pub-e5b1a861541243efa43922161ac876d7.r2.dev/products/ventilatori-fumi/951002911-1.jpg","","","","unmatched","none"
"951002911.jpg","https://pub-e5b1a861541243efa43922161ac876d7.r2.dev/products/ventilatori-fumi/951002911.jpg","","","","unmatched","none"
"9510044000.jpg","https://pub-e5b1a861541243efa43922161ac876d7.r2.dev/products/ventilatori-fumi/9510044000.jpg","","","","unmatched","none"
"951089900.JPG","https://pub-e5b1a861541243efa43922161ac876d7.r2.dev/products/ventilatori-fumi/951089900.jpg","","","","unmatched","none"
"BLH2A150201.jpg","https://pub-e5b1a861541243efa43922161ac876d7.r2.dev/products/ventilatori-fumi/blh2a150201.jpg","","","","unmatched","none"
"Foto.png","https://pub-e5b1a861541243efa43922161ac876d7.r2.dev/products/ventilatori-fumi/foto.png","","","","unmatched","none"
"Foto1.png","https://pub-e5b1a861541243efa43922161ac876d7.r2.dev/products/ventilatori-fumi/foto1.png","","","","unmatched","none"
"Foto2.png","https://pub-e5b1a861541243efa43922161ac876d7.r2.dev/products/ventilatori-fumi/foto2.png","","","","unmatched","none"
"GOPR0040 (2).JPG","https://pub-e5b1a861541243efa43922161ac876d7.r2.dev/products/ventilatori-fumi/gopr0040-2.jpg","","","","unmatched","none"
"GOPR0043 (2).JPG","https://pub-e5b1a861541243efa43922161ac876d7.r2.dev/products/ventilatori-fumi/gopr0043-2.jpg","","","","unmatched","none"
"GOPR0059.jpg","https://pub-e5b1a861541243efa43922161ac876d7.r2.dev/products/ventilatori-fumi/gopr0059.jpg","","","","unmatched","none"
"GOPR0094.jpg","https://pub-e5b1a861541243efa43922161ac876d7.r2.dev/products/ventilatori-fumi/gopr0094.jpg","","","","unmatched","none"
"GOPR0206.jpg","https://pub-e5b1a861541243efa43922161ac876d7.r2.dev/products/ventilatori-fumi/gopr0206.jpg","","","","unmatched","none"
"GOPR0209.jpg","https://pub-e5b1a861541243efa43922161ac876d7.r2.dev/products/ventilatori-fumi/gopr0209.jpg","","","","unmatched","none"
"IMG_1138.jpg","https://pub-e5b1a861541243efa43922161ac876d7.r2.dev/products/ventilatori-fumi/img-1138.jpg","","","","unmatched","none"
"IMG_1140.jpg","https://pub-e5b1a861541243efa43922161ac876d7.r2.dev/products/ventilatori-fumi/img-1140.jpg","","","","unmatched","none"
"IMG_20160928_170844.jpg","https://pub-e5b1a861541243efa43922161ac876d7.r2.dev/products/ventilatori-fumi/img-20160928-170844.jpg","","","","unmatched","none"
"IMG_20160928_170927.jpg","https://pub-e5b1a861541243efa43922161ac876d7.r2.dev/products/ventilatori-fumi/img-20160928-170927.jpg","","","","unmatched","none"
"IMG_20160928_170939.jpg","https://pub-e5b1a861541243efa43922161ac876d7.r2.dev/products/ventilatori-fumi/img-20160928-170939.jpg","","","","unmatched","none"
"VENTILATORE FUMI CON ENCODER E CHIOCCIOLA (2).jpg","https://pub-e5b1a861541243efa43922161ac876d7.r2.dev/products/ventilatori-fumi/ventilatore-fumi-con-encoder-e-chiocciola-2.jpg","55","VENTILATORE FUMI CON ENCODER E CHIOCCIOLA ","NULL","name-exact","high"
"VENTILATORE FUMI CON ENCODER E CHIOCCIOLA.jpg","https://pub-e5b1a861541243efa43922161ac876d7.r2.dev/products/ventilatori-fumi/ventilatore-fumi-con-encoder-e-chiocciola.jpg","55","VENTILATORE FUMI CON ENCODER E CHIOCCIOLA ","NULL","name-exact","high"
"VENTILATORE FUMI EBM SENZA ENCODER (2).jpg","https://pub-e5b1a861541243efa43922161ac876d7.r2.dev/products/ventilatori-fumi/ventilatore-fumi-ebm-senza-encoder-2.jpg","15","VENTILATORE FUMI CON ENCODER","NULL","name-partial","low"
"VENTILATORE FUMI EBM SENZA ENCODER.jpg","https://pub-e5b1a861541243efa43922161ac876d7.r2.dev/products/ventilatori-fumi/ventilatore-fumi-ebm-senza-encoder.jpg","15","VENTILATORE FUMI CON ENCODER","NULL","name-partial","low"
"VENTILATORE FUMI EBMPAPST CON ENCODER (2).jpg","https://pub-e5b1a861541243efa43922161ac876d7.r2.dev/products/ventilatori-fumi/ventilatore-fumi-ebmpapst-con-encoder-2.jpg","16","VENTILATORE FUMI EBMPAPST CON ENCODER","NULL","name-exact","high"
"VENTILATORE FUMI EBMPAPST CON ENCODER.jpg","https://pub-e5b1a861541243efa43922161ac876d7.r2.dev/products/ventilatori-fumi/ventilatore-fumi-ebmpapst-con-encoder.jpg","16","VENTILATORE FUMI EBMPAPST CON ENCODER","NULL","name-exact","high"
"ventilatore-fumi-ebm-senza-encoder (1).jpg","https://pub-e5b1a861541243efa43922161ac876d7.r2.dev/products/ventilatori-fumi/ventilatore-fumi-ebm-senza-encoder-1.jpg","15","VENTILATORE FUMI CON ENCODER","NULL","name-partial","low"
"ventilatore-fumi-ebm.jpg","https://pub-e5b1a861541243efa43922161ac876d7.r2.dev/products/ventilatori-fumi/ventilatore-fumi-ebm.jpg","15","VENTILATORE FUMI CON ENCODER","NULL","name-partial","low"