Categoria,Immagine,R2 URL,Prodotto ID,Prodotto Nome,Match Type,Confidence
"motoriduttori","MOTORIDUTTORE MELLOR T14 – 5 RPM (2).jpg","https://pub-e5b1a861541243efa43922161ac876d7.r2.dev/products/motoriduttori/motoriduttore-mellor-t14-5-rpm-2.jpg","10","MOTORIDUTTORE MELLOR T14 – 5 RPM","name-exact","high"
"motoriduttori","MOTORIDUTTORE MELLOR T14 – 5 RPM.jpg","https://pub-e5b1a861541243efa43922161ac876d7.r2.dev/products/motoriduttori/motoriduttore-mellor-t14-5-rpm.jpg","10","MOTORIDUTTORE MELLOR T14 – 5 RPM","name-exact","high"
"motoriduttori","MOTORIDUTTORE PER STUFE A PELLET MELLOR 1,26 RPM.jpg","https://pub-e5b1a861541243efa43922161ac876d7.r2.dev/products/motoriduttori/motoriduttore-per-stufe-a-pellet-mellor-1-26-rpm.jpg","14","MOTORIDUTTORE PER STUFE A PELLET MELLOR 4 RPM","name-partial","medium"
"motoriduttori","MOTORIDUTTORE PER STUFE A PELLET MELLOR 1,5 RPM.jpg","https://pub-e5b1a861541243efa43922161ac876d7.r2.dev/products/motoriduttori/motoriduttore-per-stufe-a-pellet-mellor-1-5-rpm.jpg","14","MOTORIDUTTORE PER STUFE A PELLET MELLOR 4 RPM","name-partial","medium"
"motoriduttori","MOTORIDUTTORE PER STUFE A PELLET MELLOR 4 RPM.jpg","https://pub-e5b1a861541243efa43922161ac876d7.r2.dev/products/motoriduttori/motoriduttore-per-stufe-a-pellet-mellor-4-rpm.jpg","14","MOTORIDUTTORE PER STUFE A PELLET MELLOR 4 RPM","name-exact","high"
"ventilatori-fumi","VENTILATORE FUMI EBMPAPST CON ENCODER (2).jpg","https://pub-e5b1a861541243efa43922161ac876d7.r2.dev/products/ventilatori-fumi/ventilatore-fumi-ebmpapst-con-encoder-2.jpg","16","VENTILATORE FUMI EBMPAPST CON ENCODER","name-exact","high"
"ventilatori-fumi","VENTILATORE FUMI EBMPAPST CON ENCODER.jpg","https://pub-e5b1a861541243efa43922161ac876d7.r2.dev/products/ventilatori-fumi/ventilatore-fumi-ebmpapst-con-encoder.jpg","16","VENTILATORE FUMI EBMPAPST CON ENCODER","name-exact","high"
"ventilatori-aria","VENTILATORE ARIA CENTRIFUGO PER STUFA A PELLET (2).jpg","https://pub-e5b1a861541243efa43922161ac876d7.r2.dev/products/ventilatori-aria/ventilatore-aria-centrifugo-per-stufa-a-pellet-2.jpg","17","VENTILATORE ARIA CENTRIFUGO PER STUFA A PELLET","name-exact","high"
"ventilatori-aria","VENTILATORE ARIA CENTRIFUGO PER STUFA A PELLET con misure.jpg","https://pub-e5b1a861541243efa43922161ac876d7.r2.dev/products/ventilatori-aria/ventilatore-aria-centrifugo-per-stufa-a-pellet-con-misure.jpg","17","VENTILATORE ARIA CENTRIFUGO PER STUFA A PELLET","name-partial","medium"
"ventilatori-aria","VENTILATORE ARIA CENTRIFUGO PER STUFA A PELLET.jpg","https://pub-e5b1a861541243efa43922161ac876d7.r2.dev/products/ventilatori-aria/ventilatore-aria-centrifugo-per-stufa-a-pellet.jpg","17","VENTILATORE ARIA CENTRIFUGO PER STUFA A PELLET","name-exact","high"
"ventilatori-aria","VENTILATORE TANGENZIALE GRANDE DX (2).jpg","https://pub-e5b1a861541243efa43922161ac876d7.r2.dev/products/ventilatori-aria/ventilatore-tangenziale-grande-dx-2.jpg","18","VENTILATORE TANGENZIALE GRANDE DX","name-exact","high"
"ventilatori-aria","VENTILATORE TANGENZIALE GRANDE DX.jpg","https://pub-e5b1a861541243efa43922161ac876d7.r2.dev/products/ventilatori-aria/ventilatore-tangenziale-grande-dx.jpg","18","VENTILATORE TANGENZIALE GRANDE DX","name-exact","high"
"ventilatori-aria","VENTILATORE TANGENZIALE PICCOLO (2).jpg","https://pub-e5b1a861541243efa43922161ac876d7.r2.dev/products/ventilatori-aria/ventilatore-tangenziale-piccolo-2.jpg","19","VENTILATORE TANGENZIALE PICCOLO","name-exact","high"
"ventilatori-aria","VENTILATORE TANGENZIALE PICCOLO.jpg","https://pub-e5b1a861541243efa43922161ac876d7.r2.dev/products/ventilatori-aria/ventilatore-tangenziale-piccolo.jpg","19","VENTILATORE TANGENZIALE PICCOLO","name-exact","high"
"ventilatori-aria","VENTILATORE ARIA STUFE SLIM.jpg","https://pub-e5b1a861541243efa43922161ac876d7.r2.dev/products/ventilatori-aria/ventilatore-aria-stufe-slim.jpg","22","VENTILATORE ARIA STUFE SLIM","name-exact","high"
"ventilatori-aria","ventilatore-aria-stufe-slim.jpg","https://pub-e5b1a861541243efa43922161ac876d7.r2.dev/products/ventilatori-aria/ventilatore-aria-stufe-slim.jpg","22","VENTILATORE ARIA STUFE SLIM","name-exact","high"
"resistenze-accensione","RESISTENZA ELETTRICA Ø12,5 mm LUNGH.130 mm.jpg","https://pub-e5b1a861541243efa43922161ac876d7.r2.dev/products/resistenze-accensione/resistenza-elettrica-12-5-mm-lungh-130-mm.jpg","23","RESISTENZA ELETTRICA Ø12,5 mm LUNGH.130 mm","name-exact","high"
"resistenze-accensione","RESISTENZA ELETTRICA Ø 12,5 mm LUNGH.100 mm.jpg","https://pub-e5b1a861541243efa43922161ac876d7.r2.dev/products/resistenze-accensione/resistenza-elettrica-12-5-mm-lungh-100-mm.jpg","24","RESISTENZA ELETTRICA Ø 12,5 mm LUNGH.100 mm","name-exact","high"
"resistenze-accensione","RESISTENZA ELETTRICA Ø 9,9 mm x 140 mm ATTACCO A FILETTO 38.jpg","https://pub-e5b1a861541243efa43922161ac876d7.r2.dev/products/resistenze-accensione/resistenza-elettrica-9-9-mm-x-140-mm-attacco-a-filetto-38.jpg","25","RESISTENZA ELETTRICA Ø 9,9 mm x 140 mm ATTACCO A FILETTO 3/8","name-partial","manual-verified"
"resistenze-accensione","RESISTENZA ELETTRICA Ø 12,5 mm.jpg","https://pub-e5b1a861541243efa43922161ac876d7.r2.dev/products/resistenze-accensione/resistenza-elettrica-12-5-mm.jpg","26","RESISTENZA ELETTRICA Ø 12,5 mm","name-exact","high"
"display-cavi-telecomandi","DISPLAY LCD A 6 TASTI MICRONOVA 2.jpg","https://pub-e5b1a861541243efa43922161ac876d7.r2.dev/products/display-cavi-telecomandi/display-lcd-a-6-tasti-micronova-2.jpg","27","DISPLAY LCD A 6 TASTI MICRONOVA","name-exact","high"
"display-cavi-telecomandi","DISPLAY LCD A 6 TASTI MICRONOVA BLU.jpg","https://pub-e5b1a861541243efa43922161ac876d7.r2.dev/products/display-cavi-telecomandi/display-lcd-a-6-tasti-micronova-blu.jpg","27","DISPLAY LCD A 6 TASTI MICRONOVA","name-partial","manual-verified"
"display-cavi-telecomandi","DISPLAY LCD A 6 TASTI MICRONOVA DIETRO.jpg","https://pub-e5b1a861541243efa43922161ac876d7.r2.dev/products/display-cavi-telecomandi/display-lcd-a-6-tasti-micronova-dietro.jpg","27","DISPLAY LCD A 6 TASTI MICRONOVA","name-partial","manual-verified"
"display-cavi-telecomandi","DISPLAY LCD A 6 TASTI MICRONOVA.jpg","https://pub-e5b1a861541243efa43922161ac876d7.r2.dev/products/display-cavi-telecomandi/display-lcd-a-6-tasti-micronova.jpg","27","DISPLAY LCD A 6 TASTI MICRONOVA","name-exact","high"
"display-cavi-telecomandi","DISPLAY LED A 6 TASTI MICRONOVA (2).jpg","https://pub-e5b1a861541243efa43922161ac876d7.r2.dev/products/display-cavi-telecomandi/display-led-a-6-tasti-micronova-2.jpg","28","DISPLAY LED A 6 TASTI MICRONOVA","name-exact","high"
"display-cavi-telecomandi","DISPLAY LED A 6 TASTI MICRONOVA.jpg","https://pub-e5b1a861541243efa43922161ac876d7.r2.dev/products/display-cavi-telecomandi/display-led-a-6-tasti-micronova.jpg","28","DISPLAY LED A 6 TASTI MICRONOVA","name-exact","high"
"display-cavi-telecomandi","DISPLAY LED A 6 TASTI VERTICALE MICRONOVA.jpg","https://pub-e5b1a861541243efa43922161ac876d7.r2.dev/products/display-cavi-telecomandi/display-led-a-6-tasti-verticale-micronova.jpg","28","DISPLAY LED A 6 TASTI MICRONOVA","name-partial","manual-verified"
"display-cavi-telecomandi","display vert micro 6 tasti.jpg","https://pub-e5b1a861541243efa43922161ac876d7.r2.dev/products/display-cavi-telecomandi/display-vert-micro-6-tasti.jpg","28","DISPLAY LED A 6 TASTI MICRONOVA","name-partial","manual-verified"
"display-cavi-telecomandi","display verticale micro 6 tasti.jpg","https://pub-e5b1a861541243efa43922161ac876d7.r2.dev/products/display-cavi-telecomandi/display-verticale-micro-6-tasti.jpg","28","DISPLAY LED A 6 TASTI MICRONOVA","name-partial","manual-verified"
"display-cavi-telecomandi","DISPLAY LED A 3 TASTI MICRONOVA 2.jpg","https://pub-e5b1a861541243efa43922161ac876d7.r2.dev/products/display-cavi-telecomandi/display-led-a-3-tasti-micronova-2.jpg","29","DISPLAY LED A 3 TASTI MICRONOVA","name-exact","high"
"display-cavi-telecomandi","DISPLAY LED A 3 TASTI MICRONOVA.jpg","https://pub-e5b1a861541243efa43922161ac876d7.r2.dev/products/display-cavi-telecomandi/display-led-a-3-tasti-micronova.jpg","29","DISPLAY LED A 3 TASTI MICRONOVA","name-exact","high"
"display-cavi-telecomandi","display duepi 3 tasti led.jpg","https://pub-e5b1a861541243efa43922161ac876d7.r2.dev/products/display-cavi-telecomandi/display-duepi-3-tasti-led.jpg","30","DISPLAY LED A 3 TASTI DUEPI","name-partial","manual-verified"
"display-cavi-telecomandi","DISPLAY LED A 3 TASTI DUEPI.jpg","https://pub-e5b1a861541243efa43922161ac876d7.r2.dev/products/display-cavi-telecomandi/display-led-a-3-tasti-duepi.jpg","30","DISPLAY LED A 3 TASTI DUEPI","name-exact","high"
"display-cavi-telecomandi","duepi 3 tasti led.jpg","https://pub-e5b1a861541243efa43922161ac876d7.r2.dev/products/display-cavi-telecomandi/duepi-3-tasti-led.jpg","30","DISPLAY LED A 3 TASTI DUEPI","name-partial","manual-verified"
"display-cavi-telecomandi","PANNELLO DI EMERGENZA TELECOMANDO RADIO MICRONOVA.jpg","https://pub-e5b1a861541243efa43922161ac876d7.r2.dev/products/display-cavi-telecomandi/pannello-di-emergenza-telecomando-radio-micronova.jpg","31","PANNELLO DI EMERGENZA TELECOMANDO RADIO MICRONOVA","name-exact","high"
"display-cavi-telecomandi","CAVO FLAT DISPLAY 1200 mm.jpg","https://pub-e5b1a861541243efa43922161ac876d7.r2.dev/products/display-cavi-telecomandi/cavo-flat-display-1200-mm.jpg","32","CAVO FLAT DISPLAY 1200 mm","name-exact","high"
"display-cavi-telecomandi","CAVO FLAT DISPLAY 1500 mm.jpg","https://pub-e5b1a861541243efa43922161ac876d7.r2.dev/products/display-cavi-telecomandi/cavo-flat-display-1500-mm.jpg","32","CAVO FLAT DISPLAY 1200 mm","name-partial","medium"
"display-cavi-telecomandi","telecomando Micronova.jpg","https://pub-e5b1a861541243efa43922161ac876d7.r2.dev/products/display-cavi-telecomandi/telecomando-micronova.jpg","33","TELECOMANDO RADIO MICRONOVA","name-partial","manual-verified"
"display-cavi-telecomandi","TELECOMANDO RADIO MICRONOVA OLD.jpg","https://pub-e5b1a861541243efa43922161ac876d7.r2.dev/products/display-cavi-telecomandi/telecomando-radio-micronova-old.jpg","33","TELECOMANDO RADIO MICRONOVA","name-partial","medium"
"display-cavi-telecomandi","TELECOMANDO RADIO MICRONOVA.jpg","https://pub-e5b1a861541243efa43922161ac876d7.r2.dev/products/display-cavi-telecomandi/telecomando-radio-micronova.jpg","33","TELECOMANDO RADIO MICRONOVA","name-exact","high"
"display-cavi-telecomandi","TELECOMANDO UNIVERSALE PER STUFE A PELLET.jpg","https://pub-e5b1a861541243efa43922161ac876d7.r2.dev/products/display-cavi-telecomandi/telecomando-universale-per-stufe-a-pellet.jpg","34","TELECOMANDO UNIVERSALE PER STUFE A PELLET ELETTRONICA MICRONOVA","name-partial","medium"
"schede-elettroniche-sensori","SCHEDA ELETTRONICA I023-5T.jpeg","https://pub-e5b1a861541243efa43922161ac876d7.r2.dev/products/schede-elettroniche-sensori/scheda-elettronica-i023-5t.jpeg","35","SCHEDA ELETTRONICA MICRONOVA I023","name-partial","manual-verified"
"schede-elettroniche-sensori","SCHEDA ELETTRONICA MICRONOVA.jpg","https://pub-e5b1a861541243efa43922161ac876d7.r2.dev/products/schede-elettroniche-sensori/scheda-elettronica-micronova.jpg","35","SCHEDA ELETTRONICA MICRONOVA I023","name-partial","manual-verified"
"schede-elettroniche-sensori","SCHEDA ELETTRONICA N100 MICRONOVA.jpg","https://pub-e5b1a861541243efa43922161ac876d7.r2.dev/products/schede-elettroniche-sensori/scheda-elettronica-n100-micronova.jpg","37","SCHEDA ELETTRONICA N100 MICRONOVA","name-exact","high"
"schede-elettroniche-sensori","SCHEDA ELETTRONICA DUEPI.jpg","https://pub-e5b1a861541243efa43922161ac876d7.r2.dev/products/schede-elettroniche-sensori/scheda-elettronica-duepi.jpg","38","SCHEDA ELETTRONICA DUEPI","name-exact","high"
"bracieri-camere-combustione","BRACIERE COMPLETO STUFE 6-7-8KW ANITA-EDDY-ANNA.jpg","https://pub-e5b1a861541243efa43922161ac876d7.r2.dev/products/bracieri-camere-combustione/braciere-completo-stufe-6-7-8kw-anita-eddy-anna.jpg","40","BRACIERE COMPLETO STUFE 6-7-8KW ANITA-EDDY-ANNA","name-exact","high"
"bracieri-camere-combustione","GRIGLIA ACCIAO BRACIERE.jpg","https://pub-e5b1a861541243efa43922161ac876d7.r2.dev/products/bracieri-camere-combustione/griglia-acciao-braciere.jpg","41","GRIGLIA ACCIAO BRACIERE","name-exact","high"
"sonde-depressori-termostati","PRESSOSTATO  DEPRESSORE 0,4 mbar.jpg","https://pub-e5b1a861541243efa43922161ac876d7.r2.dev/products/sonde-depressori-termostati/pressostato-depressore-0-4-mbar.jpg","44","PRESSOSTATO / DEPRESSORE 0,4 mbar","name-exact","high"
"sonde-depressori-termostati","PRESSOSTATO  DEPRESSORE 0,6 mbar.jpg","https://pub-e5b1a861541243efa43922161ac876d7.r2.dev/products/sonde-depressori-termostati/pressostato-depressore-0-6-mbar.jpg","45","PRESSOSTATO / DEPRESSORE 0,6 mbar","name-exact","high"
"sonde-depressori-termostati","SONDA TEMPERATURA AMBIENTE NTC 10K MICRONOVA.jpg","https://pub-e5b1a861541243efa43922161ac876d7.r2.dev/products/sonde-depressori-termostati/sonda-temperatura-ambiente-ntc-10k-micronova.jpg","46","SONDA TEMPERATURA AMBIENTE NTC 10K MICRONOVA","name-exact","high"
"sonde-depressori-termostati","SONDA TEMPERATURA FUMI MICRONOVA.jpg","https://pub-e5b1a861541243efa43922161ac876d7.r2.dev/products/sonde-depressori-termostati/sonda-temperatura-fumi-micronova.jpg","47","SONDA TEMPERATURA FUMI MICRONOVA","name-exact","high"
"guarnizioni-silicone","NASTRO ADESIVO IN FIBRA DI VETRO 550°C 10mm X 3mm.jpg","https://pub-e5b1a861541243efa43922161ac876d7.r2.dev/products/guarnizioni-silicone/nastro-adesivo-in-fibra-di-vetro-550-c-10mm-x-3mm.jpg","48","NASTRO ADESIVO IN FIBRA DI VETRO 550°C 10mm X 3mm","name-exact","high"
"guarnizioni-silicone","CORDINO.jpg","https://pub-e5b1a861541243efa43922161ac876d7.r2.dev/products/guarnizioni-silicone/cordino.jpg","49","CORDINO 9 MM ","name-partial","medium"
"guarnizioni-silicone","GUARNIZIONE SILICONICA PER TUBI PELLET.jpg","https://pub-e5b1a861541243efa43922161ac876d7.r2.dev/products/guarnizioni-silicone/guarnizione-siliconica-per-tubi-pellet.jpg","50","GUARNIZIONE SILICONICA PER TUBI PELLET","name-exact","high"
"resistenze-accensione","RESISTENZA CERAMICA ATTACCO 38.jpg","https://pub-e5b1a861541243efa43922161ac876d7.r2.dev/products/resistenze-accensione/resistenza-ceramica-attacco-38.jpg","51","RESISTENZA CERAMICA ATTACCO 3/8","name-partial","manual-verified"
"schede-elettroniche-sensori","SENSORE DEBIMETRO MICRONOVA.jpg","https://pub-e5b1a861541243efa43922161ac876d7.r2.dev/products/schede-elettroniche-sensori/sensore-debimetro-micronova.jpg","52","SENSORE DEBIMETRO MICRONOVA","name-exact","high"
"ventilatori-aria","VENTILATORE CENTRIFUGO EVAGOLD30CO0001 (2).jpg","https://pub-e5b1a861541243efa43922161ac876d7.r2.dev/products/ventilatori-aria/ventilatore-centrifugo-evagold30co0001-2.jpg","53","VENTILATORE CENTRIFUGO NATALINI EVAGOLD30CO0001","name-partial","medium"
"ventilatori-aria","VENTILATORE CENTRIFUGO EVAGOLD30CO0001.jpg","https://pub-e5b1a861541243efa43922161ac876d7.r2.dev/products/ventilatori-aria/ventilatore-centrifugo-evagold30co0001.jpg","53","VENTILATORE CENTRIFUGO NATALINI EVAGOLD30CO0001","name-partial","medium"
"ventilatori-aria","VENTILATORE ARIA CENTRIFUGO RLH1200038-3038LH (2).jpg","https://pub-e5b1a861541243efa43922161ac876d7.r2.dev/products/ventilatori-aria/ventilatore-aria-centrifugo-rlh1200038-3038lh-2.jpg","54","VENTILATORE ARIA CENTRIFUGO RLH120/0038-3038LH","name-partial","manual-verified"
"ventilatori-aria","VENTILATORE ARIA CENTRIFUGO RLH1200038-3038LH.jpg","https://pub-e5b1a861541243efa43922161ac876d7.r2.dev/products/ventilatori-aria/ventilatore-aria-centrifugo-rlh1200038-3038lh.jpg","54","VENTILATORE ARIA CENTRIFUGO RLH120/0038-3038LH","name-partial","manual-verified"
"ventilatori-fumi","VENTILATORE FUMI CON ENCODER E CHIOCCIOLA (2).jpg","https://pub-e5b1a861541243efa43922161ac876d7.r2.dev/products/ventilatori-fumi/ventilatore-fumi-con-encoder-e-chiocciola-2.jpg","55","VENTILATORE FUMI CON ENCODER E CHIOCCIOLA ","name-exact","high"
"ventilatori-fumi","VENTILATORE FUMI CON ENCODER E CHIOCCIOLA.jpg","https://pub-e5b1a861541243efa43922161ac876d7.r2.dev/products/ventilatori-fumi/ventilatore-fumi-con-encoder-e-chiocciola.jpg","55","VENTILATORE FUMI CON ENCODER E CHIOCCIOLA ","name-exact","high"
"bracieri-camere-combustione","BRACIERE SUSY-PERLA-CATRIA EVACALOR (2).jpg","https://pub-e5b1a861541243efa43922161ac876d7.r2.dev/products/bracieri-camere-combustione/braciere-susy-perla-catria-evacalor-2.jpg","56","BRACIERE SUSY-PERLA 7,5 KW EVACALOR","name-partial","manual-verified"
"bracieri-camere-combustione","BRACIERE SUSY-PERLA-CATRIA EVACALOR.jpg","https://pub-e5b1a861541243efa43922161ac876d7.r2.dev/products/bracieri-camere-combustione/braciere-susy-perla-catria-evacalor.jpg","56","BRACIERE SUSY-PERLA 7,5 KW EVACALOR","name-partial","manual-verified"
"display-cavi-telecomandi","DISPLAY LCD ELETTRONICA TIEMME.jpg","https://pub-e5b1a861541243efa43922161ac876d7.r2.dev/products/display-cavi-telecomandi/display-lcd-elettronica-tiemme.jpg","57","DISPLAY LCD ELETTRONICA TIEMME ","name-exact","high"
"resistenze-accensione","RESISTENZA ELETTRICA Ø 12,5 mm LUNGH.160MM ATTACCO A FILETTO 38.jpg","https://pub-e5b1a861541243efa43922161ac876d7.r2.dev/products/resistenze-accensione/resistenza-elettrica-12-5-mm-lungh-160mm-attacco-a-filetto-38.jpg","59","RESISTENZA ELETTRICA Ø 12,5 mm LUNGH.160mm 350w ATTACCO A FILETTO 1/2","name-partial","manual-verified"
"resistenze-accensione","RESISTENZA ELETTRICA Ø 9,5 mm LUNGH.188 MM ESECUZIONE DRITTA.jpg","https://pub-e5b1a861541243efa43922161ac876d7.r2.dev/products/resistenze-accensione/resistenza-elettrica-9-5-mm-lungh-188-mm-esecuzione-dritta.jpg","60","RESISTENZA ELETTRICA Ø 9,5 mm LUNGH.188 MM  ESECUZIONE DRITTA","name-exact","high"
"resistenze-accensione","RESISTENZA ELETTRICA Ø 12,5 mm LUNGH.160 mm.jpg","https://pub-e5b1a861541243efa43922161ac876d7.r2.dev/products/resistenze-accensione/resistenza-elettrica-12-5-mm-lungh-160-mm.jpg","61","RESISTENZA ELETTRICA Ø 12,5 mm LUNGH.160 mm","name-exact","high"
"resistenze-accensione","RESISTENZA ELETTRICA Ø 16 mm LUNGH.120 mm.jpg","https://pub-e5b1a861541243efa43922161ac876d7.r2.dev/products/resistenze-accensione/resistenza-elettrica-16-mm-lungh-120-mm.jpg","62","RESISTENZA ELETTRICA Ø 16 mm LUNGH.120 mm","name-exact","high"
"resistenze-accensione","RESISTENZA ELETTRICA Ø 9,9 mm LUNGH.155 MM ESECUZIONE DRITTA.jpg","https://pub-e5b1a861541243efa43922161ac876d7.r2.dev/products/resistenze-accensione/resistenza-elettrica-9-9-mm-lungh-155-mm-esecuzione-dritta.jpg","63","RESISTENZA ELETTRICA Ø 9,9 mm LUNGH.155 MM  ESECUZIONE DRITTA","name-exact","high"
"ventilatori-aria","VENTILATORE TANGENZIALE GRANDE SX (2).jpg","https://pub-e5b1a861541243efa43922161ac876d7.r2.dev/products/ventilatori-aria/ventilatore-tangenziale-grande-sx-2.jpg","64","VENTILATORE TANGENZIALE GRANDE SX","name-exact","high"
"ventilatori-aria","VENTILATORE TANGENZIALE GRANDE SX.jpg","https://pub-e5b1a861541243efa43922161ac876d7.r2.dev/products/ventilatori-aria/ventilatore-tangenziale-grande-sx.jpg","64","VENTILATORE TANGENZIALE GRANDE SX","name-exact","high"
"resistenze-accensione","RESISTENZA ELETTRICA Ø 12,5 mm LUNG.85 mm HT68027.jpg","https://pub-e5b1a861541243efa43922161ac876d7.r2.dev/products/resistenze-accensione/resistenza-elettrica-12-5-mm-lung-85-mm-ht68027.jpg","65","RESISTENZA ELETTRICA Ø 12,5 mm LUNG.85 mm HT68027","sku","high"
"guarnizioni-silicone","NASTRO ADESIVO IN FIBRA DI VETRO 550°C 10mm X 1mm.jpg","https://pub-e5b1a861541243efa43922161ac876d7.r2.dev/products/guarnizioni-silicone/nastro-adesivo-in-fibra-di-vetro-550-c-10mm-x-1mm.jpg","66","NASTRO ADESIVO IN FIBRA DI VETRO 550°C 10mm X 1mm","name-exact","high"
"sonde-depressori-termostati","SUPPORTO DEPRESSORE.jpg","https://pub-e5b1a861541243efa43922161ac876d7.r2.dev/products/sonde-depressori-termostati/supporto-depressore.jpg","67","SUPPORTO DEPRESSORE","name-exact","high"
"sonde-depressori-termostati","TERMOSTATO DI SICUREZZA A RIARMO MANUALE 80°.1.jpg","https://pub-e5b1a861541243efa43922161ac876d7.r2.dev/products/sonde-depressori-termostati/termostato-di-sicurezza-a-riarmo-manuale-80-1.jpg","68","TERMOSTATO DI SICUREZZA A RIARMO MANUALE 80°","name-partial","medium"
"sonde-depressori-termostati","TERMOSTATO DI SICUREZZA A RIARMO MANUALE 80°.jpg","https://pub-e5b1a861541243efa43922161ac876d7.r2.dev/products/sonde-depressori-termostati/termostato-di-sicurezza-a-riarmo-manuale-80.jpg","68","TERMOSTATO DI SICUREZZA A RIARMO MANUALE 80°","name-exact","high"
"sonde-depressori-termostati","TERMOSTATO DI SICUREZZA A RIARMO MANUALE 100°.jpg","https://pub-e5b1a861541243efa43922161ac876d7.r2.dev/products/sonde-depressori-termostati/termostato-di-sicurezza-a-riarmo-manuale-100.jpg","69","TERMOSTATO DI SICUREZZA A RIARMO MANUALE 100°","name-exact","high"
"schede-elettroniche-sensori","CONNETTORE SCHEDA 10 POLI.jpg","https://pub-e5b1a861541243efa43922161ac876d7.r2.dev/products/schede-elettroniche-sensori/connettore-scheda-10-poli.jpg","70","CONNETTORE SCHEDA 10 POLI","name-exact","high"
"schede-elettroniche-sensori","CONNETTORE SCHEDA 7 POLI.jpg","https://pub-e5b1a861541243efa43922161ac876d7.r2.dev/products/schede-elettroniche-sensori/connettore-scheda-7-poli.jpg","71","CONNETTORE SCHEDA 7 POLI","name-exact","high"
"schede-elettroniche-sensori","CONNETTORE SCHEDA 6 POLI.jpg","https://pub-e5b1a861541243efa43922161ac876d7.r2.dev/products/schede-elettroniche-sensori/connettore-scheda-6-poli.jpg","72","CONNETTORE SCHEDA 6 POLI","name-exact","high"
"schede-elettroniche-sensori","CONNETTORE SCHEDA 4 POLI.jpg","https://pub-e5b1a861541243efa43922161ac876d7.r2.dev/products/schede-elettroniche-sensori/connettore-scheda-4-poli.jpg","73","CONNETTORE SCHEDA 4 POLI","name-exact","high"
"schede-elettroniche-sensori","CONNETTORE SCHEDA 3 POLI.jpg","https://pub-e5b1a861541243efa43922161ac876d7.r2.dev/products/schede-elettroniche-sensori/connettore-scheda-3-poli.jpg","74","CONNETTORE SCHEDA 3 POLI","name-exact","high"
"schede-elettroniche-sensori","CONNETTORE SCHEDA 2 POLI.jpg","https://pub-e5b1a861541243efa43922161ac876d7.r2.dev/products/schede-elettroniche-sensori/connettore-scheda-2-poli.jpg","75","CONNETTORE SCHEDA 2 POLI","name-exact","high"
"schede-elettroniche-sensori","SCHEDA ELETTRONICA TIEMME SY8P-H01.jpg","https://pub-e5b1a861541243efa43922161ac876d7.r2.dev/products/schede-elettroniche-sensori/scheda-elettronica-tiemme-sy8p-h01.jpg","76","SCHEDA ELETTRONICA TIEMME SY8P-H01 ","name-exact","high"
"schede-elettroniche-sensori","SENSORE DEBIMETRO CON CAVO CEZA (2).jpg","https://pub-e5b1a861541243efa43922161ac876d7.r2.dev/products/schede-elettroniche-sensori/sensore-debimetro-con-cavo-ceza-2.jpg","78","SENSORE DEBIMETRO CON CAVO CEZA","name-exact","high"
"schede-elettroniche-sensori","SENSORE DEBIMETRO CON CAVO CEZA.jpg","https://pub-e5b1a861541243efa43922161ac876d7.r2.dev/products/schede-elettroniche-sensori/sensore-debimetro-con-cavo-ceza.jpg","78","SENSORE DEBIMETRO CON CAVO CEZA","name-exact","high"
"coclee","coclea-per-stufe-6-9-kw-slim-new-attacco-femmina.jpg","https://pub-e5b1a861541243efa43922161ac876d7.r2.dev/products/coclee/coclea-per-stufe-6-9-kw-slim-new-attacco-femmina.jpg","89","COCLEA PER STUFE 6-9 KW SLIM NEW ATTACCO FEMMINA","name-exact","high"
"bracieri-camere-combustione","PARAFIAMMA HYDRO 2.jpeg","https://pub-e5b1a861541243efa43922161ac876d7.r2.dev/products/bracieri-camere-combustione/parafiamma-hydro-2.jpeg","98","PARAFIAMMA STUFE HYDRO","name-partial","manual-verified"
"bracieri-camere-combustione","PARAFIAMMA HYDRO.jpeg","https://pub-e5b1a861541243efa43922161ac876d7.r2.dev/products/bracieri-camere-combustione/parafiamma-hydro.jpeg","98","PARAFIAMMA STUFE HYDRO","name-partial","manual-verified"
"coclee","951044900 BOCCOLA PER COCLEA FEMMINA CON VITE E DADO.png","https://pub-e5b1a861541243efa43922161ac876d7.r2.dev/products/coclee/951044900-boccola-per-coclea-femmina-con-vite-e-dado.png","110","BOCCOLA PER COCLEA FEMMINA","name-partial","manual-verified"
"resistenze-accensione","KH67053.jpg","https://pub-e5b1a861541243efa43922161ac876d7.r2.dev/products/resistenze-accensione/kh67053.jpg","116","CANDELA CERAMICA 230W Ø 11,55 230V RACC. 3/8"","sku","high"
"motoriduttori","motoriduttore-per-stufe-a-pellet-mellor-3-rpm-con-sensore-di-giri (1).jpg","https://pub-e5b1a861541243efa43922161ac876d7.r2.dev/products/motoriduttori/motoriduttore-per-stufe-a-pellet-mellor-3-rpm-con-sensore-di-giri-1.jpg","122","MOTORE COCLEA PER STUFE A PELLET 3 RPM CON SENSORE GIRI","name-partial","manual-verified"
"motoriduttori","motoriduttore-per-stufe-a-pellet-mellor-3-rpm-con-sensore-di-giri.jpg","https://pub-e5b1a861541243efa43922161ac876d7.r2.dev/products/motoriduttori/motoriduttore-per-stufe-a-pellet-mellor-3-rpm-con-sensore-di-giri.jpg","122","MOTORE COCLEA PER STUFE A PELLET 3 RPM CON SENSORE GIRI","name-partial","manual-verified"
"bracieri-camere-combustione","BRACIERE 4KW 2.jpeg","https://pub-e5b1a861541243efa43922161ac876d7.r2.dev/products/bracieri-camere-combustione/braciere-4kw-2.jpeg","175","BRACIERE IN GHISA ","name-partial","low"
"bracieri-camere-combustione","BRACIERE 4KW 3.jpeg","https://pub-e5b1a861541243efa43922161ac876d7.r2.dev/products/bracieri-camere-combustione/braciere-4kw-3.jpeg","175","BRACIERE IN GHISA ","name-partial","low"
"bracieri-camere-combustione","BRACIERE 6 KW 2.jpeg","https://pub-e5b1a861541243efa43922161ac876d7.r2.dev/products/bracieri-camere-combustione/braciere-6-kw-2.jpeg","175","BRACIERE IN GHISA ","name-partial","low"
"bracieri-camere-combustione","BRACIERE 6 KW 3.jpeg","https://pub-e5b1a861541243efa43922161ac876d7.r2.dev/products/bracieri-camere-combustione/braciere-6-kw-3.jpeg","175","BRACIERE IN GHISA ","name-partial","low"
"bracieri-camere-combustione","BRACIERE 6 KW 5.jpeg","https://pub-e5b1a861541243efa43922161ac876d7.r2.dev/products/bracieri-camere-combustione/braciere-6-kw-5.jpeg","175","BRACIERE IN GHISA ","name-partial","low"
"bracieri-camere-combustione","BRACIERE 6 KW.jpeg","https://pub-e5b1a861541243efa43922161ac876d7.r2.dev/products/bracieri-camere-combustione/braciere-6-kw.jpeg","175","BRACIERE IN GHISA ","name-partial","low"
"bracieri-camere-combustione","BRACIERE 6 KW4.jpeg","https://pub-e5b1a861541243efa43922161ac876d7.r2.dev/products/bracieri-camere-combustione/braciere-6-kw4.jpeg","175","BRACIERE IN GHISA ","name-partial","low"
"bracieri-camere-combustione","BRACIERE 8 (9) KW 2.jpeg","https://pub-e5b1a861541243efa43922161ac876d7.r2.dev/products/bracieri-camere-combustione/braciere-8-9-kw-2.jpeg","175","BRACIERE IN GHISA ","name-partial","low"
"bracieri-camere-combustione","BRACIERE 8 (9) KW 3.jpeg","https://pub-e5b1a861541243efa43922161ac876d7.r2.dev/products/bracieri-camere-combustione/braciere-8-9-kw-3.jpeg","175","BRACIERE IN GHISA ","name-partial","low"
"bracieri-camere-combustione","BRACIERE 8 (9) KW 4.jpeg","https://pub-e5b1a861541243efa43922161ac876d7.r2.dev/products/bracieri-camere-combustione/braciere-8-9-kw-4.jpeg","175","BRACIERE IN GHISA ","name-partial","low"
"bracieri-camere-combustione","BRACIERE 8 (9) KW.jpeg","https://pub-e5b1a861541243efa43922161ac876d7.r2.dev/products/bracieri-camere-combustione/braciere-8-9-kw.jpeg","175","BRACIERE IN GHISA ","name-partial","low"
"bracieri-camere-combustione","BRACIERE IN GHISA (2).jpg","https://pub-e5b1a861541243efa43922161ac876d7.r2.dev/products/bracieri-camere-combustione/braciere-in-ghisa-2.jpg","175","BRACIERE IN GHISA ","name-exact","high"
"bracieri-camere-combustione","BRACIERE IN GHISA.jpg","https://pub-e5b1a861541243efa43922161ac876d7.r2.dev/products/bracieri-camere-combustione/braciere-in-ghisa.jpg","175","BRACIERE IN GHISA ","name-exact","high"
"bracieri-camere-combustione","BRACIERE STUFE 8-11 KW.jpg","https://pub-e5b1a861541243efa43922161ac876d7.r2.dev/products/bracieri-camere-combustione/braciere-stufe-8-11-kw.jpg","175","BRACIERE IN GHISA ","name-partial","low"
"bracieri-camere-combustione","Misure Braciere 2.png","https://pub-e5b1a861541243efa43922161ac876d7.r2.dev/products/bracieri-camere-combustione/misure-braciere-2.png","175","BRACIERE IN GHISA","name-partial","manual-verified"
"bracieri-camere-combustione","Misure Braciere.png","https://pub-e5b1a861541243efa43922161ac876d7.r2.dev/products/bracieri-camere-combustione/misure-braciere.png","175","BRACIERE IN GHISA","name-partial","manual-verified"
"accessori","wifi duepi 2.jpeg","https://pub-e5b1a861541243efa43922161ac876d7.r2.dev/products/accessori/wifi-duepi-2.jpeg","177","MODULO WIFI DUEPI","name-partial","manual-verified"
"accessori","wifi duepi.jpeg","https://pub-e5b1a861541243efa43922161ac876d7.r2.dev/products/accessori/wifi-duepi.jpeg","177","MODULO WIFI DUEPI","name-partial","manual-verified"